Infinity Anime v1.04.w3x;Infinity Anime v1.04;0;10797846;Desconocido;X vs X;Aun no se le ha asignado una descripcion.;custom;minmap.png;xA18sd%2FqQFJnuqAWpzLbZh2Py6XwTEUzBwJ12TFB6pE%3D
BTanks875.w3x;BTanks875;0;1101438;Desconocido;X vs X;Aun no se le ha asignado una descripcion.;custom;minmap.png;V7uwBtpd32OZtA6qFT%2FGtA%3D%3D
41027_Civ_wars_2.40ed1b.w3x;41027_Civ_wars_2.40ed1b;0;2582799;Desconocido;X vs X;Aun no se le ha asignado una descripcion.;custom;minmap.png;RcaCOOhqzy0WporJKa1A%2FuTkQuoj8WQfJcQh%2BlPTE8c%3D
NNS7.5.w3x;NNS7.5;0;126290413;Desconocido;X vs X;Aun no se le ha asignado una descripcion.;custom;minmap.png;yhWJ26By2ruog2PKf16goQ%3D%3D
Legion TD Mega 3.5.w3x;Legion TD Mega 3.5;0;1138844;Desconocido;X vs X;Aun no se le ha asignado una descripcion.;custom;minmap.png;hBE8I5mszY9KajEgPyeWmLMIMJCjnGTUOJZo52ooT%2B8%3D
KindomsBattleEFT.w3x;KindomsBattleEFT;0;33645559;Desconocido;X vs X;Aun no se le ha asignado una descripcion.;custom;minmap.png;LBl98SFTDjfz5uiru%2FsbCewNXHIPW%2Bgy4DnLJ40NkIg%3D
Legion_TD_5.0_Team_OZE.w3x;Legion_TD_5.0_Team_OZE;0;3123046;Desconocido;X vs X;Aun no se le ha asignado una descripcion.;custom;minmap.png;Wm4qm%2BxN4kkaqZb34nSfoDzeYC%2BRQKJexxft3xSzNJ0%3D
Caza de heroesV2.3b.w3x;Caza de heroesV2.3b;0;9232626;Desconocido;X vs X;Aun no se le ha asignado una descripcion.;custom;minmap.png;i5KxEkz7WpmnPoZ12MfWCDdANncdPs1vX6d8CDmYO7c%3D
(12) Battle Ruin 1.1.w3x;Battle Ruin 1.1;12;54317004;Desconocido;X vs X;Aun no se le ha asignado una descripcion.;custom;minmap.png;taVoEu9Ao7iwXWLrs%2BSPA%2BwNXHIPW%2Bgy4DnLJ40NkIg%3D
Lordaeron TF 0.33.w3x;Lordaeron TF 0.33;0;29958709;Desconocido;X vs X;Aun no se le ha asignado una descripcion.;custom;minmap.png;1MOp91x1yr%2BcCNVR3gk4KynOXR0pI0j%2FOFtPaleGJ2s%3D
Siege of Quel'Thalas 5.4.w3x;Siege of Quel'Thalas 5.4;0;6946828;Desconocido;X vs X;Aun no se le ha asignado una descripcion.;custom;minmap.png;fFiRXr6pqh57ni261GnI3TydQagteR%2FyRZ5pqja%2BncI%3D
ACG Our Story V.3.5test3.w3x;ACG Our Story V.3.5test3;0;576961372;Desconocido;X vs X;Aun no se le ha asignado una descripcion.;custom;minmap.png;nKZNoyYzRtM8JQfpCo4cSNOcuTQUWv1YEMKWgTPSRCU%3D
Islas_Sombrias_135.w3x;Islas_Sombrias_135;0;6679729;Desconocido;X vs X;Aun no se le ha asignado una descripcion.;custom;minmap.png;vs3haEl28E8kaUsDVBrG5LY%2Bblctubv%2FTOKZd4ZTXgg%3D
AAA!v1.08X.w3x;AAA!v1.08X;0;21941203;Desconocido;X vs X;Aun no se le ha asignado una descripcion.;custom;minmap.png;udSUM79WrKuEhxQO6l7Ywg%3D%3D
BUA_Beta51.w3x;BUA_Beta51;0;18705096;Desconocido;X vs X;Aun no se le ha asignado una descripcion.;custom;minmap.png;z1tUVEpmm0%2Fzskr3J7Acsg%3D%3D
EmptyWhispersV1.w3x;EmptyWhispersV1;0;10355003;Desconocido;X vs X;Aun no se le ha asignado una descripcion.;custom;minmap.png;Hcpnsu8McRanfFjUvLKES0Wy9v8Ki5sstdnGOjNMVQE%3D
U9_NBR v9.98.w3x;U9_NBR v9.98;0;64110016;Desconocido;X vs X;Aun no se le ha asignado una descripcion.;custom;minmap.png;5alwz8t4k%2FRsHDxe1IIPt5R1yzWlfNHDR6mftbykD4E%3D
VP_ENG_V152.w3x;VP_ENG_V152;0;13624773;Desconocido;X vs X;Aun no se le ha asignado una descripcion.;custom;minmap.png;lNRxxq93EoBcI%2FK4ETPjaQ%3D%3D
Sunken City v2.4.2.w3x;Sunken City v2.4.2;0;13555811;Desconocido;X vs X;Aun no se le ha asignado una descripcion.;custom;minmap.png;yzhqSHzhu1vqhgpsGtEIthOVgdX6C1MQzpw%2FRp8YjII%3D
(4)Monolith.w3x;Monolith;4;1925498;Desconocido;X vs X;Aun no se le ha asignado una descripcion.;custom;minmap.png;3WkDQo0X7%2BZqEKQRZVL9Zw%3D%3D
WarChasers 2.0.w3x;WarChasers 2.0;0;375828;Desconocido;X vs X;Aun no se le ha asignado una descripcion.;custom;minmap.png;bBlyay9iQJCatVm%2BfVPCKBpzkMkGrmqNp%2FqouGaybqE%3D
Survival zombie 0.114.3_translated.w3x;Survival zombie 0.114.3_translated;0;25765877;Desconocido;X vs X;Aun no se le ha asignado una descripcion.;custom;minmap.png;hfCDtiolFuynmkkRaeuIYn3lRscCVzbt1xZiNWI4S0rNZCPHIarUJc7tXsCER7bK
BarrensTestIsland_v3.15.w3x;BarrensTestIsland_v3.15;0;11605769;Desconocido;X vs X;Aun no se le ha asignado una descripcion.;custom;minmap.png;NE3pNtKn0sMMw%2FzUvwErhiEhTLlGa4x8dR9ndtTtHn8%3D
AAA! 1.08_slk.w3x;AAA! 1.08_slk;0;21266879;Desconocido;X vs X;Aun no se le ha asignado una descripcion.;custom;minmap.png;giklra%2Firr%2FuY5kdShkxCopi7D35pCe2y%2BdMchRDOx4%3D
Spongebob 2.1f.w3x;Spongebob 2.1f;0;822765;Desconocido;X vs X;Aun no se le ha asignado una descripcion.;custom;minmap.png;5PgJ5bddv1elv1BgmOk8EhpzkMkGrmqNp%2FqouGaybqE%3D
(8)TR_HPv7-by_JYVT.w3x;TR_HPv7-by_JYVT;8;383085;Desconocido;X vs X;Aun no se le ha asignado una descripcion.;custom;minmap.png;cb5dIc9zxWf%2BU2UzCPISY0Wy9v8Ki5sstdnGOjNMVQE%3D
TestZyX.w3x;TestZyX;0;10251636;Desconocido;X vs X;Aun no se le ha asignado una descripcion.;custom;minmap.png;LL%2FmOw5RTy3UW6bN97T8PA%3D%3D
WARLORDSv2.8-OPT.w3x;WARLORDSv2.8-OPT;0;15572058;Desconocido;X vs X;Aun no se le ha asignado una descripcion.;custom;minmap.png;2uZ7VFmWylbZmgDWLfH3W%2BwNXHIPW%2Bgy4DnLJ40NkIg%3D
OrangeMushroomStory_5.4.w3x;OrangeMushroomStory_5.4;0;26734725;Desconocido;X vs X;Aun no se le ha asignado una descripcion.;custom;minmap.png;IUqxrjXOKsTL8wDc6o8OqpSaXTUYHu5Kef%2BqDfHAUBM%3D
OvsH 2024 1 1.w3x;OvsH 2024 1 1;0;1208753;Desconocido;X vs X;Aun no se le ha asignado una descripcion.;custom;minmap.png;uq2aDbiNnJctCn6NnK6m6Ipi7D35pCe2y%2BdMchRDOx4%3D
P-AmongUther-8.w3x;P-AmongUther-8;0;314476;Desconocido;X vs X;Aun no se le ha asignado una descripcion.;custom;minmap.png;Zf97ekx9Vm4%2BAW%2FT2MMTxxpzkMkGrmqNp%2FqouGaybqE%3D
(6) Andorhal v1.1.w3x;Andorhal v1.1;6;530275;Desconocido;X vs X;Aun no se le ha asignado una descripcion.;custom;minmap.png;c9g9k2KYVFT1zYIjjkT%2BKBpzkMkGrmqNp%2FqouGaybqE%3D
FOCS Another 10.0 A04.w3x;FOCS Another 10.0 A04;0;58853893;Desconocido;X vs X;Aun no se le ha asignado una descripcion.;custom;minmap.png;Nhusk2KPXMC%2B%2BoJ%2BeAfDcI8MlJr4GqTNaPYRpWW9rho%3D
TorreLoca_V1.08.3a_slk.w3x;TorreLoca_V1.08.3a_slk;0;21062179;Desconocido;X vs X;Aun no se le ha asignado una descripcion.;custom;minmap.png;YcTb%2FKB5NLnGvtLXj0%2FvA0z3HVyyp3uwr2Tr8QSd7e0%3D
(8)Nh_HPv7-by_JYVT.w3x;Nh_HPv7-by_JYVT;8;329858;Desconocido;X vs X;Aun no se le ha asignado una descripcion.;custom;minmap.png;0a%2FYazBrtz8YZ6fLPphL%2FUWy9v8Ki5sstdnGOjNMVQE%3D
TorreLoca_V1.08.3_slk.w3x;TorreLoca_V1.08.3_slk;0;21057990;Desconocido;X vs X;Aun no se le ha asignado una descripcion.;custom;minmap.png;YcTb%2FKB5NLnGvtLXj0%2FvA8xl5jjlIMjfx%2BKh9DHFyAg%3D
Blinkin and Slammin.w3x;Blinkin and Slammin;0;2641240;Desconocido;X vs X;Aun no se le ha asignado una descripcion.;custom;minmap.png;s7oud1eyrEc6MFaUamj1cHdJrPvaXe7DEF%2BMBJCEhjk%3D
Yumbo3V3.w3x;Yumbo3V3;0;20696355;Desconocido;X vs X;Aun no se le ha asignado una descripcion.;custom;minmap.png;q3pFcWYJC%2B7POsiNb19idA%3D%3D
MC v3.7.15A.w3x;MC v3.7.15A;0;7130914;Desconocido;X vs X;Aun no se le ha asignado una descripcion.;custom;minmap.png;%2FYzEfcZb8hS8R0%2BTeJwUMA%3D%3D
TorreLoca_V1.08.2_slk.w3x;TorreLoca_V1.08.2_slk;0;21016913;Desconocido;X vs X;Aun no se le ha asignado una descripcion.;custom;minmap.png;YcTb%2FKB5NLnGvtLXj0%2FvAwm7chTThdOtJQiMvCcqZek%3D
Knight Footmen-Wars Tz v3.2.w3x;Knight Footmen-Wars Tz v3.2;0;4878925;Desconocido;X vs X;Aun no se le ha asignado una descripcion.;custom;minmap.png;ZbycfPIVuO8PhjmTsV96hJd3kXEAqwPvBIra7yhl%2FxM%3D
[KE] Illidan Revenge 1.2.w3x;[KE] Illidan Revenge 1.2;0;652789;Desconocido;X vs X;Aun no se le ha asignado una descripcion.;custom;minmap.png;OyvKu2jS2NHIM6xJXNnjsvu0a0a4gZFbx%2FnHoh%2B5IHw%3D
La caza de las vigilantes 2.w3x;La caza de las vigilantes 2;0;11598839;Desconocido;X vs X;Aun no se le ha asignado una descripcion.;custom;minmap.png;lbAwpFdT9gI4eZc%2BEdgtDb8jSpqp9%2FwxEm8CFJhvSEs%3D
Forest Attack 1.37c.w3x;Forest Attack 1.37c;0;1823722;Desconocido;X vs X;Aun no se le ha asignado una descripcion.;custom;minmap.png;Gkn6Jc02XKb58h4%2FENXYFCdCg9bq%2FVCrAaCcRKIFYpg%3D
TorreLoca_V1.08.1_slk.w3x;TorreLoca_V1.08.1_slk;0;21060058;Desconocido;X vs X;Aun no se le ha asignado una descripcion.;custom;minmap.png;YcTb%2FKB5NLnGvtLXj0%2FvAzVEVKsWqLcKxb%2F1TnjhEfE%3D
CFB Legacy 1.5.0.w3x;CFB Legacy 1.5.0;0;41125238;Desconocido;X vs X;Aun no se le ha asignado una descripcion.;custom;minmap.png;7kqXzpZXq7STDGgmZW%2FYuuwNXHIPW%2Bgy4DnLJ40NkIg%3D
(6)Andorhal.w3x;Andorhal;6;170670;Desconocido;X vs X;Aun no se le ha asignado una descripcion.;custom;minmap.png;mVYXruOgi%2FGeiykEer51FA%3D%3D
(4)LostTemple.w3x;LostTemple;4;246303;Desconocido;X vs X;Aun no se le ha asignado una descripcion.;custom;minmap.png;qNGz8L9sc5d51m6JL5aOoQ%3D%3D
Platform Escape Gay Bar 2.14.w3x;Platform Escape Gay Bar 2.14;0;8049184;Desconocido;X vs X;Aun no se le ha asignado una descripcion.;custom;minmap.png;V8iW8hfnOSmkm64OwkVnwQkD91Erl4YGGn8865McTMeUdcs1pXzRw0epn7W8pA%2BB
TorreLoca_V1.08_slk.w3x;TorreLoca_V1.08_slk;0;20799726;Desconocido;X vs X;Aun no se le ha asignado una descripcion.;custom;minmap.png;f3nhdomqHKyakhSBvHvxbLahWEhqeJ1eUaikouCkW64%3D
BUA_Beta50.w3x;BUA_Beta50;0;18565387;Desconocido;X vs X;Aun no se le ha asignado una descripcion.;custom;minmap.png;UZmmnhj0fUW0K9xglAGz1w%3D%3D
Caza de heroesV2.0.w3x;Caza de heroesV2.0;0;8617299;Desconocido;X vs X;Aun no se le ha asignado una descripcion.;custom;minmap.png;i5KxEkz7WpmnPoZ12MfWCPEqu0QujnZgKjBqBEKyY1s%3D
H.P_EspecialEdicion.w3x;H.P_EspecialEdicion;0;2456321;Desconocido;X vs X;Aun no se le ha asignado una descripcion.;custom;minmap.png;9cOi%2Bt%2BhJ5Ds9WtF%2F%2BAe6Wy3cCgJ280dcwyJ%2F5pr7aw%3D
TorreLoca_V1.07.3f_slk.w3x;TorreLoca_V1.07.3f_slk;0;20399303;Desconocido;X vs X;Aun no se le ha asignado una descripcion.;custom;minmap.png;wPKgEAdWRjsukW31Ms6zGIEAuRLtNg9ONBSSMjbO7HM%3D
PRS_K_v28.w3x;PRS_K_v28;0;40804075;Desconocido;X vs X;Aun no se le ha asignado una descripcion.;custom;minmap.png;%2FDb8H2ngzwG0OFUtO5TS7Q%3D%3D
Naruto Ultimate RPG 4.2i.w3x;Naruto Ultimate RPG 4.2i;0;7093925;Desconocido;X vs X;Aun no se le ha asignado una descripcion.;custom;minmap.png;YuPQq%2FKFx5tBKeFnlG2Ojeu%2F4isRHm76SxNqxlS6iK0%3D
Sobrevive de los nazis 1.32.w3x;Sobrevive de los nazis 1.32;0;5376781;Desconocido;X vs X;Aun no se le ha asignado una descripcion.;custom;minmap.png;U%2FMjlaEXR03ijVFwe5fTA0lHUXLyVTdeoPujJrm%2FAxU%3D
Battlestadium DON 2.0.w3x;Battlestadium DON 2.0;0;39351670;Desconocido;X vs X;Aun no se le ha asignado una descripcion.;custom;minmap.png;lSCpgLIzCiV%2BF4HChVnsYmYWmrw8LgjPWmIjUd0%2B5dg%3D
Bleach vs One Piece v2.08b.w3x;Bleach vs One Piece v2.08b;0;4146419;Desconocido;X vs X;Aun no se le ha asignado una descripcion.;custom;minmap.png;B8hUb0KzvBeFPhnhoabGnh6uDi4%2BPn6sLzzzckDJGJc%3D
(4)Arena grom 0.10 P.w3x;Arena grom 0.10 P;4;5343583;Desconocido;X vs X;Aun no se le ha asignado una descripcion.;custom;minmap.png;0eEMZuuETZJyTu8bKxCuYTuall7mr1OKy2UyNfi%2FeuQ%3D
FOCS Another 9.7 J01C06.w3x;FOCS Another 9.7 J01C06;0;53951474;Desconocido;X vs X;Aun no se le ha asignado una descripcion.;custom;minmap.png;Fc0gY%2FEebNZaosDFxQDpYwwRA6d1Sp9Slgzihrs7LSM%3D
CazadoresDeGuerraV0_10_6.w3x;CazadoresDeGuerraV0_10_6;0;61573873;Desconocido;X vs X;Aun no se le ha asignado una descripcion.;custom;minmap.png;AfOK1FMTVmn7%2B4H7grJmXYZcmBjqUGoHYAb5MVUAqVk%3D
CFB-Legacy.w3x;CFB-Legacy;0;41127167;Desconocido;X vs X;Aun no se le ha asignado una descripcion.;custom;minmap.png;l2zT73lu7ElGmozkojHg3Q%3D%3D
OZSurvChaosV1.495.w3x;OZSurvChaosV1.495;0;44980502;Desconocido;X vs X;Aun no se le ha asignado una descripcion.;custom;minmap.png;4JP%2FrWACekzdhZyk4NjA0j5QbmG%2BMwXUfMrMUQXwnbQ%3D
Coming of the Horde 23.6r.w3x;Coming of the Horde 23.6r;0;13928152;Desconocido;X vs X;Aun no se le ha asignado una descripcion.;custom;minmap.png;3aq9x7QfQaL8N%2BhdUGQ2PAtKle2%2BoDHtxGMfflOTW4k%3D
BUA_Beta45.w3x;BUA_Beta45;0;18562320;Desconocido;X vs X;Aun no se le ha asignado una descripcion.;custom;minmap.png;UnBP9FIlxPKA3CCNMeupxQ%3D%3D
MC v3.6.14C.w3x;MC v3.6.14C;0;6825253;Desconocido;X vs X;Aun no se le ha asignado una descripcion.;custom;minmap.png;otKhLsUgL2tjb0IQGFNRtw%3D%3D
Caza de heroesV1.7.w3x;Caza de heroesV1.7;0;8400581;Desconocido;X vs X;Aun no se le ha asignado una descripcion.;custom;minmap.png;wjdVoD6p%2FycWq6FltmnPTtWyVM5RFN%2Fe95f7AIk2ee0%3D
X Hero desprotegido por alguien.w3x;X Hero desprotegido por alguien;0;510947;Desconocido;X vs X;Aun no se le ha asignado una descripcion.;custom;minmap.png;lY23CNQBCM24a6rRXEYl%2FcfBA972hagXH9nGExgDe8RFsvb%2FCoubLLXZxjozTFUB
X HERO SIEGE IMPOSIBLE 6.5.w3x;X HERO SIEGE IMPOSIBLE 6.5;0;2740030;Desconocido;X vs X;Aun no se le ha asignado una descripcion.;custom;minmap.png;l37s81r4DHIiQW3bzlsDLG1TtCcdcg4ZFgNc4NbejwQ%3D
BleachVsOnepiece13.w3x;BleachVsOnepiece13;0;8156683;Desconocido;X vs X;Aun no se le ha asignado una descripcion.;custom;minmap.png;%2FEcKC0cmXt7B9baQ2tDp90E49iRn3vT3HdfgAGqH%2Fl0%3D
Tierra de dioses 2.5.1.w3x;Tierra de dioses 2.5.1;0;21978715;Desconocido;X vs X;Aun no se le ha asignado una descripcion.;custom;minmap.png;M%2Ffq4YCYUu7lHyhny0GaCwd9HbJUJZQW6B%2Bd4lNAMdc%3D
MC v3.6.14A.w3x;MC v3.6.14A;0;6825261;Desconocido;X vs X;Aun no se le ha asignado una descripcion.;custom;minmap.png;6azM6954iP%2BYTQx67rtMWQ%3D%3D
48285_BarrensTestIsland_v3.13.w3x;48285_BarrensTestIsland_v3.13;0;11284384;Desconocido;X vs X;Aun no se le ha asignado una descripcion.;custom;minmap.png;Bvj61vHWIQoQvjUaXVoqQub6%2Fg3UDjsZxQt5FflSw%2FWKYuw9%2BaQntsvnTHIUQzse
SurvivalChaos2v2p.w3x;SurvivalChaos2v2p;0;3797918;Desconocido;X vs X;Aun no se le ha asignado una descripcion.;custom;minmap.png;gAZ0Nnft5ufl3qvoBhxuD2wzBaeD1mGHqaC5m2f5W7M%3D
Tank Wars v2.2 (PROT).w3x;Tank Wars v2.2 (PROT);0;20499613;Desconocido;X vs X;Aun no se le ha asignado una descripcion.;custom;minmap.png;6kZcUAvJaWULQQS1TwCN7TRI%2BW9M5lTAFS1tEdjoWx8%3D
41160_MWS_Hardcore_x4.04.w3x;41160_MWS_Hardcore_x4.04;0;2607430;Desconocido;X vs X;Aun no se le ha asignado una descripcion.;custom;minmap.png;zPX%2BRPRcP6YgROSXyNtSqW88sZgviGNwPHrYvGKrqJU%3D
Hero SurvivalX Aftermath 1.4.w3x;Hero SurvivalX Aftermath 1.4;0;124214;Desconocido;X vs X;Aun no se le ha asignado una descripcion.;custom;minmap.png;yelarcIeY2EBdPoQxTDgIyvkFuUSScnl1Y5co4dNoR2Udcs1pXzRw0epn7W8pA%2BB
La caza de las vigilantes 1.w3x;La caza de las vigilantes 1;0;3792843;Desconocido;X vs X;Aun no se le ha asignado una descripcion.;custom;minmap.png;lbAwpFdT9gI4eZc%2BEdgtDV%2FlvltMw7Eznmyn7x8P7%2BM%3D
39050_ShootingGay0.7r_arlybetafix1.w3x;39050_ShootingGay0.7r_arlybetafix1;0;13197700;Desconocido;X vs X;Aun no se le ha asignado una descripcion.;custom;minmap.png;jM1XV0qCXeXeeVqpPbJ589b4ZSVcVFMLcbLZ9MvLoWuvI7grn%2B4SwmEagjuQTSN5
31743_The_worlds_hardest_game_1.1.w3x;31743_The_worlds_hardest_game_1.1;0;851488;Desconocido;X vs X;Aun no se le ha asignado una descripcion.;custom;minmap.png;cFeAg6gT2%2FqxZjevRkXgm%2FF9hIQdHM0cpS04lpeCMUPhdgFr8Tgxlk3uMu9fIqIm
3944_GayBarTale_V1.2.w3x_english.w3x;3944_GayBarTale_V1.2.w3x_english;0;4291945;Desconocido;X vs X;Aun no se le ha asignado una descripcion.;custom;minmap.png;K8qoVbab5tHHBb5X0I4Ti5z%2BT5cXHIQf3%2BsxM3KXH7XsDVxyD1voMuA5yyeNDZCI
(12)EG_HPv6-by_JYVT.w3x;EG_HPv6-by_JYVT;12;285920;Desconocido;X vs X;Aun no se le ha asignado una descripcion.;custom;minmap.png;%2FPxyUY0PrR3TWmq4jZcDeUWy9v8Ki5sstdnGOjNMVQE%3D
10 Blade Masters.w3x;10 Blade Masters;0;287149;Desconocido;X vs X;Aun no se le ha asignado una descripcion.;custom;minmap.png;uAdqrQUrlergBK3y3dijAOwNXHIPW%2Bgy4DnLJ40NkIg%3D
1187_Human_Gladiators_FINAL.w3x;1187_Human_Gladiators_FINAL;0;4032760;Desconocido;X vs X;Aun no se le ha asignado una descripcion.;custom;minmap.png;0Lzn50qkAQ9YD7J3i5abAQRXc1Bvysc6VWuCgFBM4CQ%3D
31461_ZombieRisingEA1.62v0.18.w3x;31461_ZombieRisingEA1.62v0.18;0;24446756;Desconocido;X vs X;Aun no se le ha asignado una descripcion.;custom;minmap.png;EKjO4MbsT4f%2BxHs9UTKvKXWyqBzN0%2BGwttzqtXCXmpWKYuw9%2BaQntsvnTHIUQzse
D0FD95BC9600A8883F631D50ACD5C46D.w3x;D0FD95BC9600A8883F631D50ACD5C46D;0;75728199;Desconocido;X vs X;Aun no se le ha asignado una descripcion.;custom;minmap.png;Y5n4Vaj4gAENFaMIlEtl%2BMZdl6PETO6VdZhNeWlm%2FG7sDVxyD1voMuA5yyeNDZCI
TorreLoca_V1.07.3e_slk.w3x;TorreLoca_V1.07.3e_slk;0;19475030;Desconocido;X vs X;Aun no se le ha asignado una descripcion.;custom;minmap.png;wPKgEAdWRjsukW31Ms6zGPQl7tnQRytrEU4XF%2Bd36Eg%3D
Caza de heroesV1.6.w3x;Caza de heroesV1.6;0;8384731;Desconocido;X vs X;Aun no se le ha asignado una descripcion.;custom;minmap.png;wjdVoD6p%2FycWq6FltmnPTuS7Nar7a1Oiw5bC%2FP4oF4E%3D
Caza de heroesV1.6b.w3x;Caza de heroesV1.6b;0;8387691;Desconocido;X vs X;Aun no se le ha asignado una descripcion.;custom;minmap.png;wjdVoD6p%2FycWq6FltmnPTg8rYnoAyZhb4DUoPTW4MGE%3D
(8)CV-HPv6-by_JYVT.w3x;CV-HPv6-by_JYVT;8;258408;Desconocido;X vs X;Aun no se le ha asignado una descripcion.;custom;minmap.png;3VC2LCVzGP47C5Xbpo6bCEWy9v8Ki5sstdnGOjNMVQE%3D
MRR Origins Test.w3x;MRR Origins Test;0;31378077;Desconocido;X vs X;Aun no se le ha asignado una descripcion.;custom;minmap.png;%2BdCwatmLWPmAObHcsPPU6uwNXHIPW%2Bgy4DnLJ40NkIg%3D
Umbrella Swarm campaña.w3x;Umbrella Swarm campaña;0;1242906;Desconocido;X vs X;Aun no se le ha asignado una descripcion.;custom;minmap.png;KEha4GFiWwuoi3i4qczl6oEzOcrQX%2B50%2Ff0X8OG9Vv4%3D
Custom Hero Footies v4.1b.w3x;Custom Hero Footies v4.1b;0;6681483;Desconocido;X vs X;Aun no se le ha asignado una descripcion.;custom;minmap.png;ARLVQUJmt6Id9FzyY3Uf69c7x9XXc3j2G6E5r5j%2B1UQ%3D
FOCS3 Another 9.7 C03~3.w3x;FOCS3 Another 9.7 C03~3;0;8388607;Desconocido;X vs X;Aun no se le ha asignado una descripcion.;custom;minmap.png;rf9dxKpYvl%2FV0Yo0H1IACHb6nyehrXJKc6p5BWEI2oE%3D
ACG Our Story V.3.1.w3x;ACG Our Story V.3.1;0;208835218;Desconocido;X vs X;Aun no se le ha asignado una descripcion.;custom;minmap.png;nKZNoyYzRtM8JQfpCo4cSKscClUGl2gVBuXwL23cRYs%3D
ShootingGay_0.7ENG.w3x;ShootingGay_0.7ENG;0;13714663;Desconocido;X vs X;Aun no se le ha asignado una descripcion.;custom;minmap.png;YK65D2Qbnl7s9AmYZogjQOKkOruezDtF%2FSEGaGv6Wd8%3D
BUA_Beta42.w3x;BUA_Beta42;0;18481488;Desconocido;X vs X;Aun no se le ha asignado una descripcion.;custom;minmap.png;UaDJjAt8psXQ8Tbx1EXt%2BQ%3D%3D
Umbrella Swarm campaña 3.w3x;Umbrella Swarm campaña 3;0;6516302;Desconocido;X vs X;Aun no se le ha asignado una descripcion.;custom;minmap.png;KEha4GFiWwuoi3i4qczl6k5E5JjQs%2F%2Ba86Rt6AhYoOY%3D
(4)New Map v3.0.w3x;New Map v3.0;4;111052;Desconocido;X vs X;Aun no se le ha asignado una descripcion.;custom;minmap.png;UR0syK0XcA6EhxRzffxRHJR1yzWlfNHDR6mftbykD4E%3D
Las vigilantes coop cap 1   v1.0.w3x;Las vigilantes coop cap 1   v1.0;0;3810477;Desconocido;X vs X;Aun no se le ha asignado una descripcion.;custom;minmap.png;Y64%2Bds43%2FwBIX8DXj0o9YAewy58w3Hmg8KYnSvy1r8bsDVxyD1voMuA5yyeNDZCI
Jojo All Star Battle 5B ENG.w3x;Jojo All Star Battle 5B ENG;0;21684557;Desconocido;X vs X;Aun no se le ha asignado una descripcion.;custom;minmap.png;s402U5HWGhBI4UtGeuKxWm0DbApV9cezMRw4TjjXbP0%3D
TorreLoca_V1.07.3d_slk.w3x;TorreLoca_V1.07.3d_slk;0;19421481;Desconocido;X vs X;Aun no se le ha asignado una descripcion.;custom;minmap.png;wPKgEAdWRjsukW31Ms6zGHxUc7KW7P%2Bpftxqs%2BVB1IA%3D
Islas_Sombrias_134.w3x;Islas_Sombrias_134;0;6679382;Desconocido;X vs X;Aun no se le ha asignado una descripcion.;custom;minmap.png;vs3haEl28E8kaUsDVBrG5Ngbxs152T7GYj7MaLvoKZA%3D
Caza de heroesV1.5.w3x;Caza de heroesV1.5;0;8358149;Desconocido;X vs X;Aun no se le ha asignado una descripcion.;custom;minmap.png;wjdVoD6p%2FycWq6FltmnPTrMIMJCjnGTUOJZo52ooT%2B8%3D
8BitRaid_7.8m - CN1.w3x;8BitRaid_7.8m - CN1;0;57728895;Desconocido;X vs X;Aun no se le ha asignado una descripcion.;custom;minmap.png;GhtkdLbe0clk5ojKxhoqMQjhFwH4oE90%2FFL2d8gW5XQ%3D
ACGv200t.w3x;ACGv200t;0;99451622;Desconocido;X vs X;Aun no se le ha asignado una descripcion.;custom;minmap.png;i1FpspWU%2B5cO6fQhpSt9PA%3D%3D
Touhou Fight 4.00.w3x;Touhou Fight 4.00;0;7322048;Desconocido;X vs X;Aun no se le ha asignado una descripcion.;custom;minmap.png;1ob4z6equploX3V0q6d76o2ivZ62Qj7ISP4I1yohZqc%3D
CFB_Legacy 1.5.w3x;CFB_Legacy 1.5;0;41005184;Desconocido;X vs X;Aun no se le ha asignado una descripcion.;custom;minmap.png;ppPu3hSeT2hNDzJrmC4SFBpzkMkGrmqNp%2FqouGaybqE%3D
300 - Three Hundred v.300 Easy.w3x;300 - Three Hundred v.300 Easy;0;1569899;Desconocido;X vs X;Aun no se le ha asignado una descripcion.;custom;minmap.png;uSBVvTu%2FtU%2F04VfhGjyLJCT2zpDnUejT86VGTaIcCjQac5DJBq5qjaf6qLhmsm6h
Cinematica Yoshi.w3x;Cinematica Yoshi;0;3620542;Desconocido;X vs X;Aun no se le ha asignado una descripcion.;custom;minmap.png;jOgmG%2BaLTtlbLW%2BGofesbuwNXHIPW%2Bgy4DnLJ40NkIg%3D
47472_opt-M.Z.I_Imber_od_Beta_1.2c.w3x;47472_opt-M.Z.I_Imber_od_Beta_1.2c;0;11732286;Desconocido;X vs X;Aun no se le ha asignado una descripcion.;custom;minmap.png;6ej%2FEk9536j8QzLXWGblaox%2FaZQJW3CejJSb8wfjTFBjPGQIajML9bbn9u3nul6k
Dante's Zombie Survival.w3x;Dante's Zombie Survival;0;198067;Desconocido;X vs X;Aun no se le ha asignado una descripcion.;custom;minmap.png;4NIWYO17IZN%2F1jJqZ%2FB1n3kAzT%2Fm64XAQl7QzM37Epk%3D
MortarRun028c.w3x;MortarRun028c;0;565056;Desconocido;X vs X;Aun no se le ha asignado una descripcion.;custom;minmap.png;B2DCRd7j5PrjTPF4ScOKv4pi7D35pCe2y%2BdMchRDOx4%3D
winter war.w3x;winter war;0;148197;Desconocido;X vs X;Aun no se le ha asignado una descripcion.;custom;minmap.png;f0Uk7HoduwfXpEQJKPkiWQ%3D%3D
CMT.w3x;CMT;0;6964098;Desconocido;X vs X;Aun no se le ha asignado una descripcion.;custom;minmap.png;wlMWkgnj5F5Kl5bB4ttcAA%3D%3D
Zombie Assault Force v1.05.w3x;Zombie Assault Force v1.05;0;8330155;Desconocido;X vs X;Aun no se le ha asignado una descripcion.;custom;minmap.png;EQ4K41sNpu8j4vyBuyRRDAYzMz8sl5xHuGmSMKaq5QQ%3D
Resident Evil Nemesis 1.0 AI.w3x;Resident Evil Nemesis 1.0 AI;0;7364739;Desconocido;X vs X;Aun no se le ha asignado una descripcion.;custom;minmap.png;hRm3B3sWzSNRYd4OvEHEthGy46O2qQF6z2cxYw4UM7GUdcs1pXzRw0epn7W8pA%2BB
27149_LOTR_Conquest_Alpha_07.w3x;27149_LOTR_Conquest_Alpha_07;0;34552365;Desconocido;X vs X;Aun no se le ha asignado una descripcion.;custom;minmap.png;T8U7ZdJZzesMuihvchaHyctYd9CRbFzeFxVsq27eDaaUdcs1pXzRw0epn7W8pA%2BB
(4)HF_HPv6-by_JYVT.w3x;HF_HPv6-by_JYVT;4;112959;Desconocido;X vs X;Aun no se le ha asignado una descripcion.;custom;minmap.png;bdcdDxL8ZfjeLLhvJT%2F%2Fy0Wy9v8Ki5sstdnGOjNMVQE%3D
(4)WarChasers.w3m;WarChasers;4;232446;Desconocido;X vs X;Aun no se le ha asignado una descripcion.;custom;minmap.png;7uIjORCZkwwxWt6lGHVaBQ%3D%3D
Battle Arena.w3x;Battle Arena;0;86682;Desconocido;X vs X;Aun no se le ha asignado una descripcion.;custom;minmap.png;%2FdttO8OBuytjP1wYoVgoPZR1yzWlfNHDR6mftbykD4E%3D
ACF v3.0d.w3x;ACF v3.0d;0;8296289;Desconocido;X vs X;Aun no se le ha asignado una descripcion.;custom;minmap.png;RutCMGGYk80PTz6L78RLfQ%3D%3D
(8)AzureTowerDefense.w3x;AzureTowerDefense;8;306354;Desconocido;X vs X;Aun no se le ha asignado una descripcion.;custom;minmap.png;YLi2FayzyBo%2Bvc2lasFAMQNtYJGHEUHU6wrCCsyNt1M%3D
Opt-RunOruroRun-101.w3x;Opt-RunOruroRun-101;0;10083336;Desconocido;X vs X;Aun no se le ha asignado una descripcion.;custom;minmap.png;SjIcdCLqkdt5oehpUDplPRHsEpdz8%2BGr2FKaqh%2FB74E%3D
(8)BG_HPv6-by_JYVT.w3x;BG_HPv6-by_JYVT;8;208523;Desconocido;X vs X;Aun no se le ha asignado una descripcion.;custom;minmap.png;8pYBOIshGvQSLpQ5tYIWeEWy9v8Ki5sstdnGOjNMVQE%3D
3 vs 3 ANTIGUO.w3x;3 vs 3 ANTIGUO;0;21502458;Desconocido;X vs X;Aun no se le ha asignado una descripcion.;custom;minmap.png;ATUbPHHZ9iJpxgWhCVlJ%2FRpzkMkGrmqNp%2FqouGaybqE%3D
NEO PROT.w3x;NEO PROT;0;15359532;Desconocido;X vs X;Aun no se le ha asignado una descripcion.;custom;minmap.png;oLjK8Ko%2FnD2En2Vb%2FGftBA%3D%3D
Corre kodo corre v1.3.w3x;Corre kodo corre v1.3;0;2057593;Desconocido;X vs X;Aun no se le ha asignado una descripcion.;custom;minmap.png;keLytWdJKtW%2FMPmd19ch9lYp1KRCedVP3jqitAFibDg%3D
(2)BR_HPv6-by_JYVT.w3x;BR_HPv6-by_JYVT;2;173026;Desconocido;X vs X;Aun no se le ha asignado una descripcion.;custom;minmap.png;QD7NO3oxMhdFiJORpA4dRkWy9v8Ki5sstdnGOjNMVQE%3D
MC v1.13A.w3x;MC v1.13A;0;6050994;Desconocido;X vs X;Aun no se le ha asignado una descripcion.;custom;minmap.png;yi7yx8P5Ci6spfLWsC9pAw%3D%3D
(8)Plaguelands.w3m;Plaguelands;8;255733;Desconocido;X vs X;Aun no se le ha asignado una descripcion.;custom;minmap.png;uwquvIb1McAzmJnlns%2BrAg%3D%3D
(4)Adrenaline.w3m;Adrenaline;4;65420;Desconocido;X vs X;Aun no se le ha asignado una descripcion.;custom;minmap.png;Qvh4zkR96Tgx6CM%2FavB%2BYg%3D%3D
(4)Predators.w3x;Predators;4;220488;Desconocido;X vs X;Aun no se le ha asignado una descripcion.;custom;minmap.png;IHKtez%2BsacT7GVHqVIgLJA%3D%3D
DotA v6.83d-rb4.w3x;DotA v6.83d-rb4;0;8446437;Desconocido;X vs X;Aun no se le ha asignado una descripcion.;custom;minmap.png;Nug9ePRtSGGKaIlxQaMQTkWy9v8Ki5sstdnGOjNMVQE%3D
DotA v6.85h LoD.w3x;DotA v6.85h LoD;0;7705144;Desconocido;X vs X;Aun no se le ha asignado una descripcion.;custom;minmap.png;ZDT9CJB8%2FoESzE9RBECnIUWy9v8Ki5sstdnGOjNMVQE%3D
Werewolf - Transylvania 1.24c.w3x;Werewolf - Transylvania 1.24c;0;2049963;Desconocido;X vs X;Aun no se le ha asignado una descripcion.;custom;minmap.png;G%2BbOhigfkbNu2jiFcJldOOIl3LTXJ54l2%2BdLbQ8t1l6KYuw9%2BaQntsvnTHIUQzse
(4)Adrenaline.w3x;Adrenaline;4;67133;Desconocido;X vs X;Aun no se le ha asignado una descripcion.;custom;minmap.png;S1y4TbMvlfJw7uk4nlcSFg%3D%3D
(6)DarkForest.w3m;DarkForest;6;241772;Desconocido;X vs X;Aun no se le ha asignado una descripcion.;custom;minmap.png;PdIqAauETNNsXcnHDFDrWQ%3D%3D
(4)HarvestMoon.w3m;HarvestMoon;4;196823;Desconocido;X vs X;Aun no se le ha asignado una descripcion.;custom;minmap.png;ksbOEF%2BvdVw8sNoG%2BDtAYw%3D%3D
(4)Duskwood.w3m;Duskwood;4;199228;Desconocido;X vs X;Aun no se le ha asignado una descripcion.;custom;minmap.png;4qxYjxArnCFqkT5rV2joZg%3D%3D
(3)Forestwalk.w3m;Forestwalk;3;204403;Desconocido;X vs X;Aun no se le ha asignado una descripcion.;custom;minmap.png;A%2FySLrZOpd5wsNuVXNVPPQ%3D%3D
Steel Saviour Episode II.w3x;Steel Saviour Episode II;0;5841872;Desconocido;X vs X;Aun no se le ha asignado una descripcion.;custom;minmap.png;Yq0GbQi3C24juZTxwC5OeQdtYDfiNmr8dBaKJs3tlbo%3D
Survival_Coop_1.4.1.w3x;Survival_Coop_1.4.1;0;41297481;Desconocido;X vs X;Aun no se le ha asignado una descripcion.;custom;minmap.png;XrgdQ0jIy8ExwB1VGIgf3BxKAAqw5bAD1CdYeoKXlj4%3D
(2)MeltingValley.w3x;MeltingValley;2;167686;Desconocido;X vs X;Aun no se le ha asignado una descripcion.;custom;minmap.png;06F%2BU%2BylacWHRcV0GczGRYpi7D35pCe2y%2BdMchRDOx4%3D
Captura Bandera SC2 2.6.w3x;Captura Bandera SC2 2.6;0;24444425;Desconocido;X vs X;Aun no se le ha asignado una descripcion.;custom;minmap.png;noQm6sCmnwZpvMij4jUMkcHRs2toWKul11gSXBVUlwY%3D
Legacies_TS_v1.1M.w3x;Legacies_TS_v1.1M;0;785172;Desconocido;X vs X;Aun no se le ha asignado una descripcion.;custom;minmap.png;CZeHts%2FxtNS3Q11qfdHRXjU%2BAdABjd9iYr4Ihdm4GeI%3D
(11) FK Escape 2.9b.w3x;FK Escape 2.9b;11;27085549;Desconocido;X vs X;Aun no se le ha asignado una descripcion.;custom;minmap.png;d5bcqlB7LgyM8Tebo9bA00Wy9v8Ki5sstdnGOjNMVQE%3D
Fighting for Azeroth 3D v110.w3x;Fighting for Azeroth 3D v110;0;3781743;Desconocido;X vs X;Aun no se le ha asignado una descripcion.;custom;minmap.png;ZylGvkP0xkoNqrkVBCCDlXD9SjZGL24bZkRhOse%2BcD%2BUdcs1pXzRw0epn7W8pA%2BB
(12)EG_HPv4-by_JYVT.w3x;EG_HPv4-by_JYVT;12;282335;Desconocido;X vs X;Aun no se le ha asignado una descripcion.;custom;minmap.png;xByzjN0M3NT0yhoseMbOmEWy9v8Ki5sstdnGOjNMVQE%3D
16500_SurvivalChaos3._(compatible).w3x;16500_SurvivalChaos3._(compatible);0;42220090;Desconocido;X vs X;Aun no se le ha asignado una descripcion.;custom;minmap.png;HxKOycYGY3tH6BOSiGrugkVIAxHzypQUyVbn%2BtH7BiF2RAfCoTz3Xe5CtQ72ehzQ
Un Mapa Estupido 2!.w3x;Un Mapa Estupido 2!;0;488081;Desconocido;X vs X;Aun no se le ha asignado una descripcion.;custom;minmap.png;4CicolfBaF6P7Pv7dc%2FFlH9G7JmCaZbVb72UZufb950%3D
Neon Universe Mision 2B.w3x;Neon Universe Mision 2B;0;1039181;Desconocido;X vs X;Aun no se le ha asignado una descripcion.;custom;minmap.png;%2F4l1P1dUv1OQadDRASmT7dU8hlsBR9HVqh98kW8x9UA%3D
2P Human04 v2.4.w3x;2P Human04 v2.4;0;425008;Desconocido;X vs X;Aun no se le ha asignado una descripcion.;custom;minmap.png;%2B%2Fjv%2BSx0Z4GvSd0dKl%2B6dEWy9v8Ki5sstdnGOjNMVQE%3D
Custom.w3x;Custom;0;6964098;Desconocido;X vs X;Aun no se le ha asignado una descripcion.;custom;minmap.png;%2BIq4iNu0vc21hpG3aVKupw%3D%3D
MobaT.w3x;MobaT;0;6969621;Desconocido;X vs X;Aun no se le ha asignado una descripcion.;custom;minmap.png;EkdRpBaNiHKoyWOx3JZiMw%3D%3D
Custom Moba Torneo (1).w3x;Custom Moba Torneo (1);0;6964098;Desconocido;X vs X;Aun no se le ha asignado una descripcion.;custom;minmap.png;O1uQvp4R59SqyISmExhoFW7ayWn92eAJIZs3W8QU%2Fs8%3D
X Hero Siege 3.33.w3x;X Hero Siege 3.33;0;582487;Desconocido;X vs X;Aun no se le ha asignado una descripcion.;custom;minmap.png;Y5eFMVd44kBXpLiMddsiAynOXR0pI0j%2FOFtPaleGJ2s%3D
Custom_Moba_F.w3x;Custom_Moba_F;0;6964098;Desconocido;X vs X;Aun no se le ha asignado una descripcion.;custom;minmap.png;osrvh426oB5k9oSsyAOvWYpi7D35pCe2y%2BdMchRDOx4%3D
Torneo Moba.w3x;Torneo Moba;0;6964098;Desconocido;X vs X;Aun no se le ha asignado una descripcion.;custom;minmap.png;oPnjUQ9LNm5QKw6uo5%2B9xA%3D%3D
Tierra de dioses 2.4.0Fix.w3x;Tierra de dioses 2.4.0Fix;0;34896513;Desconocido;X vs X;Aun no se le ha asignado una descripcion.;custom;minmap.png;M%2Ffq4YCYUu7lHyhny0GaCz7D6E6udFZ1XodEezxHats%3D
Knight Impact v1.0.0 Español.w3x;Knight Impact v1.0.0 Español;0;1058245;Desconocido;X vs X;Aun no se le ha asignado una descripcion.;custom;minmap.png;5L3r%2BYooT8uwGFQtdxENeRifgEjG5HYb4MmXTWtjAraKYuw9%2BaQntsvnTHIUQzse
42599_GomelSimulator_1.01SD.w3x;42599_GomelSimulator_1.01SD;0;25824609;Desconocido;X vs X;Aun no se le ha asignado una descripcion.;custom;minmap.png;V84WdCNkmVsEsynzglHitmQNR%2Br%2B2HKdsMQjYWg%2F2QY%3D
MWS_Hardcore_x4.10.1.w3x;MWS_Hardcore_x4.10.1;0;3345614;Desconocido;X vs X;Aun no se le ha asignado una descripcion.;custom;minmap.png;ey1vAcR6oz04SEbbOrvSiVwDWUjk33gcaW%2FshpkpDD0%3D
Strange Struggle in The Woods v1.4.w3x;Strange Struggle in The Woods v1.4;0;2540876;Desconocido;X vs X;Aun no se le ha asignado una descripcion.;custom;minmap.png;2m1%2Fp0e29SMyUtFUNdCnb6mBzWNgYrgvRsTeLxPy8%2BYC03RMXORQgMp6hUmJAkFI
[KE] Revenge Of The Riders v1.3.w3x;[KE] Revenge Of The Riders v1.3;0;3455487;Desconocido;X vs X;Aun no se le ha asignado una descripcion.;custom;minmap.png;7W9T4HMuYXJ4RKVyXRcvUhKifKWcUelWodZvoVE7JpNFsvb%2FCoubLLXZxjozTFUB
[KE] - Smash-Up v2.w3x;[KE] - Smash-Up v2;0;621406;Desconocido;X vs X;Aun no se le ha asignado una descripcion.;custom;minmap.png;hDFRCcSN7nsFHT0sPQVEawhBugwCmsnarZ5Dzg0psXo%3D
[KE] - GameKE v2.2.w3x;[KE] - GameKE v2.2;0;485891;Desconocido;X vs X;Aun no se le ha asignado una descripcion.;custom;minmap.png;DXk5KuPe5fwh4%2FLCajyJHROVgdX6C1MQzpw%2FRp8YjII%3D
Dev Mission Test 01.w3x;Dev Mission Test 01;0;88879607;Desconocido;X vs X;Aun no se le ha asignado una descripcion.;custom;minmap.png;gv8hQ%2Bk19ELOhb6HyeEcsCzlvKFNo5f07BTuzNRT9CU%3D
DevMissionTest.w3x;DevMissionTest;0;88878356;Desconocido;X vs X;Aun no se le ha asignado una descripcion.;custom;minmap.png;WonPF%2BVkzReX4D0pHTkqgxpzkMkGrmqNp%2FqouGaybqE%3D
Danza De Dragones.w3x;Danza De Dragones;0;67378695;Desconocido;X vs X;Aun no se le ha asignado una descripcion.;custom;minmap.png;YMK%2FWnNQCsAFEeT0Hf98EdkFLjsAoK98JbaPt0xmfUs%3D
32328_Danza_de_los_Dragones_Beta0.07.w3x;32328_Danza_de_los_Dragones_Beta0.07;0;67378695;Desconocido;X vs X;Aun no se le ha asignado una descripcion.;custom;minmap.png;UGPLxuYsGaOn9n4RObXfjkhYdHIrw3Ez1K18mH31k2Xb2F%2BzcLVUl6xAkRJ1%2F5Xq
VAmap.w3x;VAmap;0;9232547;Desconocido;X vs X;Aun no se le ha asignado una descripcion.;custom;minmap.png;eSpH%2BOE3S8YTeg68vVVTgw%3D%3D
ValleEmpty VAlpha01.w3x;ValleEmpty VAlpha01;0;9232547;Desconocido;X vs X;Aun no se le ha asignado una descripcion.;custom;minmap.png;DIaPJfFcRKs1OM7cCpSJBVcdWUI6uyL82UXjBsGtrgY%3D
12_JosepMap.w3x;12_JosepMap;0;282139;Desconocido;X vs X;Aun no se le ha asignado una descripcion.;custom;minmap.png;UQhlffLFk7%2BRjnDGXG%2B5gg%3D%3D
(12)EmeraldGardens - Héores Plus(07-07-2024).w3x;EmeraldGardens - Héores Plus(07-07-2024);12;282139;Desconocido;X vs X;Aun no se le ha asignado una descripcion.;custom;minmap.png;BjjKMrJOCaqcb2EMukTR3Wz2a1BGUjMNCQqaEx6QkCDioK7r8kkYLxVJrQST3By9
Camino de miedo v4.2.w3x;Camino de miedo v4.2;0;2620656;Desconocido;X vs X;Aun no se le ha asignado una descripcion.;custom;minmap.png;xC%2BjJyEJXhhP7whRY8F466expHavYfkTWViubHl98HQ%3D
WarcraftRoyaleV0.3.8.w3x;WarcraftRoyaleV0.3.8;0;352993;Desconocido;X vs X;Aun no se le ha asignado una descripcion.;custom;minmap.png;aH%2FrzVoIciHiMd0M%2BWq%2Ffb56JPJihIyZiO7NghnN0Jc%3D
Bomberman 1.74.w3m;Bomberman 1.74;0;1241725;Desconocido;X vs X;Aun no se le ha asignado una descripcion.;custom;minmap.png;X4xUjwAn4RSywh2Ctkfr%2FTVoCkgO3U1j9h5FYxghDZM%3D
36004_Scary_Murderer_P5.0B_EN.w3x;36004_Scary_Murderer_P5.0B_EN;0;9966077;Desconocido;X vs X;Aun no se le ha asignado una descripcion.;custom;minmap.png;ucK2PBP%2F6vut2QMHRmPjCRe0uL8CIPUJSh5JRy1CGLCKYuw9%2BaQntsvnTHIUQzse
toysoldiers_156.w3x;toysoldiers_156;0;1595832;Desconocido;X vs X;Aun no se le ha asignado una descripcion.;custom;minmap.png;Nx5C%2FD2S1VY41jsIO3kZFUWy9v8Ki5sstdnGOjNMVQE%3D
CanBread122.w3x;CanBread122;0;9190661;Desconocido;X vs X;Aun no se le ha asignado una descripcion.;custom;minmap.png;fZVHgQa%2B2c9CaspUUq5new%3D%3D
Revenge of Chusquedad.w3x;Revenge of Chusquedad;0;1433547;Desconocido;X vs X;Aun no se le ha asignado una descripcion.;custom;minmap.png;cHF5qWTX7cFXwsfzo%2FHpnovyi4i6vgOpy3jmZw6MyzA%3D
testlocal.w3x;testlocal;0;24597;Desconocido;X vs X;Aun no se le ha asignado una descripcion.;custom;minmap.png;7vDtFlVGNDtcpHgAM%2BptsA%3D%3D
9 heroes camino exe v1.5.w3x;9 heroes camino exe v1.5;0;2885077;Desconocido;X vs X;Aun no se le ha asignado una descripcion.;custom;minmap.png;CiDlqAfVB3GTQe7Sv9qYpBY%2FWA3oEQThGD3VvCXSJmU%3D
MCraft_v1.12A.w3x;MCraft_v1.12A;0;5963099;Desconocido;X vs X;Aun no se le ha asignado una descripcion.;custom;minmap.png;vxjxbXVNih0iVv4GkapGD4pi7D35pCe2y%2BdMchRDOx4%3D
31238_Undertale_genocide_0.7.w3x;31238_Undertale_genocide_0.7;0;7169000;Desconocido;X vs X;Aun no se le ha asignado una descripcion.;custom;minmap.png;I5u%2FmpW40xstNBguzzpN3qQmz6n7kj28c6EzYyDiUaaUdcs1pXzRw0epn7W8pA%2BB
41176_Zombie_Island_S__v2.6_(PROT).w3x;41176_Zombie_Island_S__v2.6_(PROT);0;29882990;Desconocido;X vs X;Aun no se le ha asignado una descripcion.;custom;minmap.png;MxWQERsxlC4HHxLf1kCeqQzmhb8BusrqJJSS4ftj%2BGDPlSIT8Omeoh6LzT3O3VJj
Batalla de legiones.w3x;Batalla de legiones;0;2274118;Desconocido;X vs X;Aun no se le ha asignado una descripcion.;custom;minmap.png;D5InC35o%2F3FTNjC8Jmc0RndihSE4rxMxz6rPtg9Abyo%3D
Escapa del panda Violador.w3x;Escapa del panda Violador;0;21822;Desconocido;X vs X;Aun no se le ha asignado una descripcion.;custom;minmap.png;tvyVpYiUz7N3yOkwEq5cVYObxu2mqF0q3PcpKQdsYmI%3D
19691_nazis_vs_zombies_0.4.w3x;19691_nazis_vs_zombies_0.4;0;1563690;Desconocido;X vs X;Aun no se le ha asignado una descripcion.;custom;minmap.png;fhG%2BCqqbgtCf%2BozIUVHHmZj3LxvnAi0MUBgUDX8%2BQzI%3D
ZombieSurvivorsAlphaV0.1.w3x;ZombieSurvivorsAlphaV0.1;0;1473245;Desconocido;X vs X;Aun no se le ha asignado una descripcion.;custom;minmap.png;DALQBXQhFa6aU0xcvIeDZBxL3PxO%2F3XaKkzeaswP3lg%3D
Wc3TDAU v0.26b-alpha.w3x;Wc3TDAU v0.26b-alpha;0;78395395;Desconocido;X vs X;Aun no se le ha asignado una descripcion.;custom;minmap.png;%2FULmmQ5MnKOiF2j7Pxz%2FzDKEvFQD4%2BdNJFLcTXviPaE%3D
Rise of a Realm 1.30.w3x;Rise of a Realm 1.30;0;19959923;Desconocido;X vs X;Aun no se le ha asignado una descripcion.;custom;minmap.png;vDfB1CdwQYGoBoIMFgX%2FtRp8LEkFQSi0DBexDt1ZSLU%3D
Run GAY Run 2.9.w3x;Run GAY Run 2.9;0;1777383;Desconocido;X vs X;Aun no se le ha asignado una descripcion.;custom;minmap.png;bSrhJCsvdJTSxfLl8BEmGEWy9v8Ki5sstdnGOjNMVQE%3D
Dodge This Shit v2.5 [P].w3x;Dodge This Shit v2.5 [P];0;1475217;Desconocido;X vs X;Aun no se le ha asignado una descripcion.;custom;minmap.png;bwY6w0T2oawPo4WOXcxZC87c0pi5G68dPfiuFar1iqw%3D
l4d_versus_0.95e_protected.w3m;l4d_versus_0.95e_protected;0;1419092;Desconocido;X vs X;Aun no se le ha asignado una descripcion.;custom;minmap.png;NicYe7YV8jVEMg72j3cN4SxneK5nMsGHpy4TEv3pysw%3D
Jungle Race 1.24.w3x;Jungle Race 1.24;0;423014;Desconocido;X vs X;Aun no se le ha asignado una descripcion.;custom;minmap.png;a5vnb3k9FB8cpQcxNqya8%2BwNXHIPW%2Bgy4DnLJ40NkIg%3D
BloodCastle.w3x;BloodCastle;0;1003307;Desconocido;X vs X;Aun no se le ha asignado una descripcion.;custom;minmap.png;RnifhJkmLx%2FTK%2BrIHBJyjw%3D%3D
DevUsAlpha0.35.w3x;DevUsAlpha0.35;0;78392765;Desconocido;X vs X;Aun no se le ha asignado una descripcion.;custom;minmap.png;4z577Hnt%2BU0eZQ0MgOikIxpzkMkGrmqNp%2FqouGaybqE%3D
(8)Cherryville_Jos_Starcraft(23-06-2024).w3x;Cherryville_Jos_Starcraft(23-06-2024);8;1333564;Desconocido;X vs X;Aun no se le ha asignado una descripcion.;custom;minmap.png;UYtp2%2BW1AMVObIAVbGY5hL2zxiNYFPl4QJZfOmkNMR%2Fcs6jFBJSdJy6vIUW98tbL
HEROES WARS.w3x;HEROES WARS;0;497449;Desconocido;X vs X;Aun no se le ha asignado una descripcion.;custom;minmap.png;GTAih7qqLOS8lPt64SwWZw%3D%3D
Risk5Horas.w3x;Risk5Horas;0;11550523;Desconocido;X vs X;Aun no se le ha asignado una descripcion.;custom;minmap.png;SyXgvCwOJe79yqpkh1qj2g%3D%3D
10 heros vs starWars v1.8c.w3x;10 heros vs starWars v1.8c;0;2880976;Desconocido;X vs X;Aun no se le ha asignado una descripcion.;custom;minmap.png;NKOwCA%2F3U2%2FfaqFRas0jo4nOjSRBd%2B5rfjI31MPFA%2FQ%3D
Escapa de Slenderman v1.3.w3x;Escapa de Slenderman v1.3;0;6671880;Desconocido;X vs X;Aun no se le ha asignado una descripcion.;custom;minmap.png;jd7T9T8fX%2FaBUFlOaoi5YMqkZsb8g9m9hAmYHgC7w84%3D
Pimp My Peon v8.2! (P).w3x;Pimp My Peon v8.2! (P);0;571570;Desconocido;X vs X;Aun no se le ha asignado una descripcion.;custom;minmap.png;FxZqyrWTAaXiqPeIW4aBq%2BKAUOjL8vY7VIxywwBloac%3D
KindomsBattle escarpe de fronteras_LM.w3x;KindomsBattle escarpe de fronteras_LM;0;28922715;Desconocido;X vs X;Aun no se le ha asignado una descripcion.;custom;minmap.png;23GxpWr834tZkn%2FI4Zo%2Bua9SAEBTfCvCBPPJclL4wlTBbL2G9p8I0RSHd1cSeUPi
1Wotlk v1.30 (2).w3x;1Wotlk v1.30 (2);0;2269500;Desconocido;X vs X;Aun no se le ha asignado una descripcion.;custom;minmap.png;J%2BafiSccdkse2Ny%2BE%2Bja6ewNXHIPW%2Bgy4DnLJ40NkIg%3D
Mapa de reinosEF.w3x;Mapa de reinosEF;0;28922657;Desconocido;X vs X;Aun no se le ha asignado una descripcion.;custom;minmap.png;rBSWh4p%2BTQ00whZXa7buyOwNXHIPW%2Bgy4DnLJ40NkIg%3D
DevTEstX2XD.w3x;DevTEstX2XD;0;70916201;Desconocido;X vs X;Aun no se le ha asignado una descripcion.;custom;minmap.png;wCSKhCNHYq7anDLrPg988A%3D%3D
Dev Us Dimensional v0.5 Test.w3x;Dev Us Dimensional v0.5 Test;0;70910771;Desconocido;X vs X;Aun no se le ha asignado una descripcion.;custom;minmap.png;KMIpqN2%2FJSJY7OA90ARj6C7H6gRRAOUCtaGF26Acf7CUdcs1pXzRw0epn7W8pA%2BB
Infection_attack_1.5g_ES.w3x;Infection_attack_1.5g_ES;0;776025;Desconocido;X vs X;Aun no se le ha asignado una descripcion.;custom;minmap.png;Y8a1xWqzupk3%2FUvRnpa1a%2F%2BljNsqeHLqprIchUKZ4fQ%3D
(3)CastleForConquer.w3x;CastleForConquer;3;11539734;Desconocido;X vs X;Aun no se le ha asignado una descripcion.;custom;minmap.png;WjLEyVgmwkslZ8haJ4mqHewNXHIPW%2Bgy4DnLJ40NkIg%3D
(2)PlunderIsle Mod_Starcraft(Careful).w3x;PlunderIsle Mod_Starcraft(Careful);2;1399438;Desconocido;X vs X;Aun no se le ha asignado una descripcion.;custom;minmap.png;cFb3gWFdv94Njrt9489WZ5tg0%2BLPPYRNezohmYbXhfjItjpkgrC6yA%2FGWQ2pwbSu
DBZ_Tribute_Ultra_V10beta10.w3x;DBZ_Tribute_Ultra_V10beta10;0;5778070;Desconocido;X vs X;Aun no se le ha asignado una descripcion.;custom;minmap.png;sAQ1Ru3z6nxH7kitc4qDI%2FdwfXaINsvXMWMGRz9t2ic%3D
AhnQiraj_v1.0.w3x;AhnQiraj_v1.0;0;9362305;Desconocido;X vs X;Aun no se le ha asignado una descripcion.;custom;minmap.png;iaZREm%2FtqbG9vGWb0KWL5Ipi7D35pCe2y%2BdMchRDOx4%3D
Jopuhas Mapa.w3x;Jopuhas Mapa;0;1250065;Desconocido;X vs X;Aun no se le ha asignado una descripcion.;custom;minmap.png;A4gKMyvzsV%2FNZjuLY2Q%2FPpR1yzWlfNHDR6mftbykD4E%3D
8Cherryville_Jos_Starcraft15-06-2024.w3x;8Cherryville_Jos_Starcraft15-06-2024;0;1250065;Desconocido;X vs X;Aun no se le ha asignado una descripcion.;custom;minmap.png;g5O6eDJ23cbY6Zzv2wVFCzsteMoVVOLkinxHts1xMMnMOA%2Bn3AE1Nzzp%2FdcneSYH
Nuevo AWOS.w3x;Nuevo AWOS;0;8129351;Desconocido;X vs X;Aun no se le ha asignado una descripcion.;custom;minmap.png;P7BxFMWOrZSgQhmdob989w%3D%3D
Cazadores_de_Jefes_II_v1.5.w3x;Cazadores_de_Jefes_II_v1.5;0;8112770;Desconocido;X vs X;Aun no se le ha asignado una descripcion.;custom;minmap.png;%2FuXlNubpAlXCNcms8vfP91m9RMh00jvBqnBRwUUk38A%3D
CUSTOM_MOBA_1.7-H_Beta_2.7962.w3x;CUSTOM_MOBA_1.7-H_Beta_2.7962;0;3965202;Desconocido;X vs X;Aun no se le ha asignado una descripcion.;custom;minmap.png;F3FlZOiysl%2Bo7YTClkX4W%2BdueGrfszrPp%2B5b8toubwKKYuw9%2BaQntsvnTHIUQzse
Pudge War X 1.24.w3x;Pudge War X 1.24;0;523265;Desconocido;X vs X;Aun no se le ha asignado una descripcion.;custom;minmap.png;q4SSE9T0ZECJmVDy3I0c3OwNXHIPW%2Bgy4DnLJ40NkIg%3D
g hero.w3x;g hero;0;6417761;Desconocido;X vs X;Aun no se le ha asignado una descripcion.;custom;minmap.png;UF%2BetIUmV7kZn%2Fm3X4RNcw%3D%3D
SurvivalChaos3.0p.w3x;SurvivalChaos3.0p;0;10270053;Desconocido;X vs X;Aun no se le ha asignado una descripcion.;custom;minmap.png;fmJAen3BZwn7E%2BrIzpBKp2wzBaeD1mGHqaC5m2f5W7M%3D
Nexo_Arena_Beta.w3x;Nexo_Arena_Beta;0;821835;Desconocido;X vs X;Aun no se le ha asignado una descripcion.;custom;minmap.png;SrlSIF0f%2FVgaqiCxW8DYSUWy9v8Ki5sstdnGOjNMVQE%3D
(12)IceCrown.w3x;IceCrown;12;7480203;Desconocido;X vs X;Aun no se le ha asignado una descripcion.;custom;minmap.png;gcDkNr%2BTD%2BJmhQpFsEtaGg%3D%3D
CUSTOM_MOBA_1.7-H_Beta_2.823.w3x;CUSTOM_MOBA_1.7-H_Beta_2.823;0;4606206;Desconocido;X vs X;Aun no se le ha asignado una descripcion.;custom;minmap.png;F3FlZOiysl%2Bo7YTClkX4W7jPzCNtzGRX1wUkvUrukjSUdcs1pXzRw0epn7W8pA%2BB
PokemonDefense Final.w3x;PokemonDefense Final;0;7866189;Desconocido;X vs X;Aun no se le ha asignado una descripcion.;custom;minmap.png;Dhrt%2BrGOizsOMxXif6VwjvDCo%2BW80AcN69DHbOQ4cBg%3D
PWACHS.w3x;PWACHS;0;12437165;Desconocido;X vs X;Aun no se le ha asignado una descripcion.;custom;minmap.png;Ywwke8L9evEZWnoZc%2B5xDg%3D%3D
La_Caida_De_Lordaeron.w3x;La_Caida_De_Lordaeron;0;8911360;Desconocido;X vs X;Aun no se le ha asignado una descripcion.;custom;minmap.png;5dQEtXl8I7CmDMcXhXkS0Ff%2Bl9CLEsFdFudovR45MMI%3D
(9)Greends Battles v8.5 Characters .w3x;Greends Battles v8.5 Characters;9;1566329;Desconocido;X vs X;Aun no se le ha asignado una descripcion.;custom;minmap.png;b0gyBaBFsKvDyK4kEJp7rmVHkz%2F3UXtLO3f19CSKw1PsDVxyD1voMuA5yyeNDZCI
Protect castle v2.3.w3x;Protect castle v2.3;0;2173444;Desconocido;X vs X;Aun no se le ha asignado una descripcion.;custom;minmap.png;DjwpZppkmG53LvKAZ4FsJyxTAD7x7MwHZ81KoooELGE%3D
10 Hero Seige.w3x;10 Hero Seige;0;7475708;Desconocido;X vs X;Aun no se le ha asignado una descripcion.;custom;minmap.png;SZ%2BeZgCQsGk8RwoeyUKxVYpi7D35pCe2y%2BdMchRDOx4%3D
FootMEN FRENZY 10.0.w3x;FootMEN FRENZY 10.0;0;408239;Desconocido;X vs X;Aun no se le ha asignado una descripcion.;custom;minmap.png;EpLopIWlLHKrs77mj9tcOLIrQle4WHTmQ%2BqHFAAYi%2Fs%3D
Troll vs. Elves 4.6.7.w3x;Troll vs. Elves 4.6.7;0;1909044;Desconocido;X vs X;Aun no se le ha asignado una descripcion.;custom;minmap.png;%2FHGrz%2FJMJyxQ8hNWkJa7%2Bf4lV%2FcAXQiCTWQCzlOwnjs%3D
hero_line_wars_ROC_v2.3.w3m;hero_line_wars_ROC_v2.3;0;1357503;Desconocido;X vs X;Aun no se le ha asignado una descripcion.;custom;minmap.png;XAze9S4cReLBHz%2BbV7ZoXZzwXiCj%2BggRL1Prs6NdjQU%3D
X Hero Siege 10.0.3.w3x;X Hero Siege 10.0.3;0;2842641;Desconocido;X vs X;Aun no se le ha asignado una descripcion.;custom;minmap.png;WCEpLti8%2F7v1hxzYu%2FKsCGi4Z4xLluRZ0Dz%2FmGS%2FP9c%3D
(4)TranquilPaths.w3m;TranquilPaths;4;253875;Desconocido;X vs X;Aun no se le ha asignado una descripcion.;custom;minmap.png;lnXgpxs7wZ3Derg5308BX4MIg5VZ1W1Yyva8s4n9h1k%3D
WarkingDefensev2.8r.w3x;WarkingDefensev2.8r;0;2229407;Desconocido;X vs X;Aun no se le ha asignado una descripcion.;custom;minmap.png;ZcUt4F5OXLLsZJmAMMDbKzpkQKmnBcwLqRQBlKIFzL8%3D
Azure TD Revised v0.99 Open Beta.w3x;Azure TD Revised v0.99 Open Beta;0;309409;Desconocido;X vs X;Aun no se le ha asignado una descripcion.;custom;minmap.png;dxwk%2F6SzN7vDMp%2BJZLjUsslrh5PjcsjDnTHht0sRDC%2FsDVxyD1voMuA5yyeNDZCI
Resurreccion de Heyli.w3x;Resurreccion de Heyli;0;948200;Desconocido;X vs X;Aun no se le ha asignado una descripcion.;custom;minmap.png;%2FSFhNdIGoKmvHS%2FvdS75j6XNNO0S3S9BX%2FJdkfjhVgQ%3D
QuickEvent.w3x;QuickEvent;0;114878;Desconocido;X vs X;Aun no se le ha asignado una descripcion.;custom;minmap.png;W8DNaGbew%2Fid3tptXPvebg%3D%3D
(10)Skibi'sCastleTD.w3x;Skibi'sCastleTD;10;1744766;Desconocido;X vs X;Aun no se le ha asignado una descripcion.;custom;minmap.png;ST6lQONjQKT4RFvtdKbA7kWy9v8Ki5sstdnGOjNMVQE%3D
Haunting of Oculus v2.16B.w3x;Haunting of Oculus v2.16B;0;48787059;Desconocido;X vs X;Aun no se le ha asignado una descripcion.;custom;minmap.png;RbpDBt%2BwgRj6lae7O663k6zuaI7NHRz6W14LGq2ZElo%3D
SaintSeiyaLegends2.3.w3x;SaintSeiyaLegends2.3;0;127955587;Desconocido;X vs X;Aun no se le ha asignado una descripcion.;custom;minmap.png;3HFkyPfy0Avoo8Gbj7BbrdKJYA%2FJ%2BLt7%2Bm6WTeupD7c%3D
ETS_MT_Edition_V181.w3x;ETS_MT_Edition_V181;0;343719;Desconocido;X vs X;Aun no se le ha asignado una descripcion.;custom;minmap.png;njNDUPTQKwFBy917l761Y6jpyXwai1T2dGdhbGXRIqE%3D
SpongeBOB ReVo V2.1b.w3x;SpongeBOB ReVo V2.1b;0;696585;Desconocido;X vs X;Aun no se le ha asignado una descripcion.;custom;minmap.png;lODqTO3w%2FxEy%2B96qHZfLz4wUYaf30QR9fW7y6LJrxJw%3D
(12)test antonidas.w3x;test antonidas;12;332906;Desconocido;X vs X;Aun no se le ha asignado una descripcion.;custom;minmap.png;59u0rh0pZpXO3Z4mF9ybSxpzkMkGrmqNp%2FqouGaybqE%3D
(2)BootyBay.w3m;BootyBay;2;125194;Desconocido;X vs X;Aun no se le ha asignado una descripcion.;custom;minmap.png;%2F6ubrp0WXqXWFNiZ23p04A%3D%3D
Custom_Hero_Survival_v2.9.w3x;Custom_Hero_Survival_v2.9;0;3855352;Desconocido;X vs X;Aun no se le ha asignado una descripcion.;custom;minmap.png;JnqSElEn72SiFMLQxYD%2BLdlDQXuRP7ei8ibU%2BzGQPc8%3D
Dragon Ball Z GT 2012[Full].w3x;Dragon Ball Z GT 2012[Full];0;4146034;Desconocido;X vs X;Aun no se le ha asignado una descripcion.;custom;minmap.png;tyEd1L7Ta6VXQfkNCDDRMlD8FQaSMFb32gcLKuVIwQs%3D
Troll And Elves 9.9 Final VN.w3x;Troll And Elves 9.9 Final VN;0;2466449;Desconocido;X vs X;Aun no se le ha asignado una descripcion.;custom;minmap.png;e0aKKdlMW5dEd1AdRVqvZigK8V80oUF1l1NRaM8ztaCUdcs1pXzRw0epn7W8pA%2BB
(12)IceCrownwel.w3x;IceCrownwel;12;335838;Desconocido;X vs X;Aun no se le ha asignado una descripcion.;custom;minmap.png;YLeSOpD2wu9xAf6a8VFIPA%3D%3D
QuickEvent_-_v01.w3x;QuickEvent_-_v01;0;115189;Desconocido;X vs X;Aun no se le ha asignado una descripcion.;custom;minmap.png;gqS%2FWcd%2Fh8h13kObzgL9h%2BwNXHIPW%2Bgy4DnLJ40NkIg%3D
(4)DragonMountain.w3m;DragonMountain;4;143318;Desconocido;X vs X;Aun no se le ha asignado una descripcion.;custom;minmap.png;dFSuaXCtCsKfxwdfM9M0yTVoCkgO3U1j9h5FYxghDZM%3D
(12)EmeraldGardenss.w3x;EmeraldGardenss;12;319300;Desconocido;X vs X;Aun no se le ha asignado una descripcion.;custom;minmap.png;bUKAraH%2FkDgZ%2BGMhm6qFe0Wy9v8Ki5sstdnGOjNMVQE%3D
Islas de Guerra.w3x;Islas de Guerra;0;23145692;Desconocido;X vs X;Aun no se le ha asignado una descripcion.;custom;minmap.png;NDxvQEcY4ffu3y82A%2FON4UWy9v8Ki5sstdnGOjNMVQE%3D
(6)TimbermawHold.w3m;TimbermawHold;6;173080;Desconocido;X vs X;Aun no se le ha asignado una descripcion.;custom;minmap.png;v3T5JBHHIPnofyusBNL98YMIg5VZ1W1Yyva8s4n9h1k%3D
(6)GnollWood.w3x;GnollWood;6;249534;Desconocido;X vs X;Aun no se le ha asignado una descripcion.;custom;minmap.png;980%2F0gY%2BCOWtKD5ja9kk5Q%3D%3D
(5)TheGlaive.w3m;TheGlaive;5;151000;Desconocido;X vs X;Aun no se le ha asignado una descripcion.;custom;minmap.png;%2FJLeo4BkKRpZaXWEdWPEAA%3D%3D
hvsa X3 v4.42-Hotfix2~2.w3x;hvsa X3 v4.42-Hotfix2~2;0;11510518;Desconocido;X vs X;Aun no se le ha asignado una descripcion.;custom;minmap.png;duPRmGefwuhmXVzEmLy03KGVCM07sebdYSr%2FIRk6xXo%3D
(8)Northshire.w3x;Northshire;8;240684;Desconocido;X vs X;Aun no se le ha asignado una descripcion.;custom;minmap.png;cdMRobcU8YjkxwZ44MeDzQ%3D%3D
Warlock1.02.w3x;Warlock1.02;0;4179116;Desconocido;X vs X;Aun no se le ha asignado una descripcion.;custom;minmap.png;nQdYy5Fg4H8eFy5EPRC%2BRA%3D%3D
Laberinto de Mario.exe.w3x;Laberinto de Mario.exe;0;711305;Desconocido;X vs X;Aun no se le ha asignado una descripcion.;custom;minmap.png;HjOeTI29PZHuIdSlqvRfUfXosAJ1xI%2FK7gjlZM1HvP8%3D
Footmen Frenzy V 1.0.w3x;Footmen Frenzy V 1.0;0;43660308;Desconocido;X vs X;Aun no se le ha asignado una descripcion.;custom;minmap.png;7ZUS8e0zl2lXoFjYFOi6QPpBbH2Oh8ywvcijZXqP22M%3D
Islas de Guerra 2.w3x;Islas de Guerra 2;0;23249489;Desconocido;X vs X;Aun no se le ha asignado una descripcion.;custom;minmap.png;2naYAxSVRqI%2B%2FlKIhIqpmMedtvhLLATncfNrJ4t5hUE%3D
MesetaFilospadaV1.0.w3x;MesetaFilospadaV1.0;0;9006532;Desconocido;X vs X;Aun no se le ha asignado una descripcion.;custom;minmap.png;fRdxPoCsrQUqPnrCM38gPmVdC3Q6Qr8jsNOUi%2BbxgPA%3D
mapa_pvp_LocoM_pn.w3x;mapa_pvp_LocoM_pn;0;42290984;Desconocido;X vs X;Aun no se le ha asignado una descripcion.;custom;minmap.png;WUbv%2Fgz936ORoSURlHLvSdGhe1aRl5dn80CZdI907Bg%3D
Element TD 4.3b.w3x;Element TD 4.3b;0;1354974;Desconocido;X vs X;Aun no se le ha asignado una descripcion.;custom;minmap.png;XufOkOmf%2BIsDDJZThnDYCkWy9v8Ki5sstdnGOjNMVQE%3D
10CastleFightES1.22a.w3x;10CastleFightES1.22a;0;816267;Desconocido;X vs X;Aun no se le ha asignado una descripcion.;custom;minmap.png;EfkpELFD2s01xOCrXNb5oECBgb43%2B3jjZFsvrRfJGr8%3D
NewSurv.w3x;NewSurv;0;7876083;Desconocido;X vs X;Aun no se le ha asignado una descripcion.;custom;minmap.png;55qE22VA9WrXAulshJQmvg%3D%3D
Clash Royale v3.0.2.w3x;Clash Royale v3.0.2;0;206019;Desconocido;X vs X;Aun no se le ha asignado una descripcion.;custom;minmap.png;GqwnVpk8Rcw3Rp1z1If%2BlrGfX7zHGDSMVUnVThhpBcY%3D
Zombie Island Survival v2.7 (PROT).w3x;Zombie Island Survival v2.7 (PROT);0;34187105;Desconocido;X vs X;Aun no se le ha asignado una descripcion.;custom;minmap.png;3RjNDTlm1cKIlAPyFDJ8VM32RJZYP3IPP7n9D%2Fu2zOrPlSIT8Omeoh6LzT3O3VJj
DotA v6.78c AI 1.4e.w3x;DotA v6.78c AI 1.4e;0;7332685;Desconocido;X vs X;Aun no se le ha asignado una descripcion.;custom;minmap.png;mncZ8kO7vQIW56gVKCSHdP69BiksaVJmqZ1T1oKkato%3D
DotA v6.77En AI 1.1.7.w3x;DotA v6.77En AI 1.1.7;0;8310093;Desconocido;X vs X;Aun no se le ha asignado una descripcion.;custom;minmap.png;NHA9bu5SP2aPUG2VI9RUTwgBfr4AOmBzfPFXLtFTGCE%3D
DotA 6.89b AI.w3x;DotA 6.89b AI;0;9518275;Desconocido;X vs X;Aun no se le ha asignado una descripcion.;custom;minmap.png;eVtJMaAp%2Fdk%2BPmShk%2BGwIIpi7D35pCe2y%2BdMchRDOx4%3D
(3)IsleOfDread.w3m;IsleOfDread;3;167891;Desconocido;X vs X;Aun no se le ha asignado una descripcion.;custom;minmap.png;4im2FFjT19u4e7m9FLPN0A%3D%3D
UtherPartyUltimaX.w3x;UtherPartyUltimaX;0;652010;Desconocido;X vs X;Aun no se le ha asignado una descripcion.;custom;minmap.png;nl4y61s89x74qDrMLiicV60P1QVuDE9hEtYcsQXkqh4%3D
12ragnarokzoom.w3x;12ragnarokzoom;0;631074;Desconocido;X vs X;Aun no se le ha asignado una descripcion.;custom;minmap.png;PovjErAX75qoDg15uueRiRpzkMkGrmqNp%2FqouGaybqE%3D
LOBOS VS OVEJAS OFICIAL.w3x;LOBOS VS OVEJAS OFICIAL;0;1079488;Desconocido;X vs X;Aun no se le ha asignado una descripcion.;custom;minmap.png;fyn8WCo92FIOGuLnc9ndhxyN6JZdeL9cy9VAgsYBLIs%3D
Dvs.w3x;Dvs;0;61019119;Desconocido;X vs X;Aun no se le ha asignado una descripcion.;custom;minmap.png;kh3UOjNlkbfv2VWp1jb%2FOQ%3D%3D
BGA CUSTOM HEROS v5.2024.w3x;BGA CUSTOM HEROS v5.2024;0;5031296;Desconocido;X vs X;Aun no se le ha asignado una descripcion.;custom;minmap.png;2QGEmmTxAv1m3d%2BBnvWP10EItRUjvvAMn6ScYQ7oduE%3D
8693_7_enanos_cachondos_betaV1.w3x;8693_7_enanos_cachondos_betaV1;0;1678890;Desconocido;X vs X;Aun no se le ha asignado una descripcion.;custom;minmap.png;AneJPYDO5WstUV4IvKlxDmAT1pqCPruZA8EAr36tcR4ac5DJBq5qjaf6qLhmsm6h
Dev Us.w3x;Dev Us;0;12257691;Desconocido;X vs X;Aun no se le ha asignado una descripcion.;custom;minmap.png;HWoG7w%2FJBIOk5Pt6qfxWYg%3D%3D
Escapa de TheKing123 v1.2.w3x;Escapa de TheKing123 v1.2;0;6768602;Desconocido;X vs X;Aun no se le ha asignado una descripcion.;custom;minmap.png;eYcvIKVkhiMbEPhXs%2Bdnk4CVCAZhSIwuybToXnte09g%3D
Element TD 5.2 B17.w3x;Element TD 5.2 B17;0;1900320;Desconocido;X vs X;Aun no se le ha asignado una descripcion.;custom;minmap.png;tQNX89VFHmpOTfbySpCwtgJ%2BxwcAqES%2Fv%2Fijz5Silrw%3D
Sangre y Honor v2.9patch.w3x;Sangre y Honor v2.9patch;0;27638977;Desconocido;X vs X;Aun no se le ha asignado una descripcion.;custom;minmap.png;HdUddQ594iuT8OU4yXAU%2FZ9fahMwxgyb2AZCYWfhHKk%3D
X Hero siege extreme 3.47.w3x;X Hero siege extreme 3.47;0;7866040;Desconocido;X vs X;Aun no se le ha asignado una descripcion.;custom;minmap.png;0m%2BgTbxHS3e%2FrvIhbskHSgaT9IgjU5ofaLKz%2F6f5hX8%3D
Battle_Tanks_9.19_Protected.w3x;Battle_Tanks_9.19_Protected;0;5157727;Desconocido;X vs X;Aun no se le ha asignado una descripcion.;custom;minmap.png;bTFJ%2BrAqwV2H%2FiHKsPwIn5jaVr4V%2Frc6yormZ9JXiqc%3D
Custom Hero Survival FINAL 7.5.w3x;Custom Hero Survival FINAL 7.5;0;81518280;Desconocido;X vs X;Aun no se le ha asignado una descripcion.;custom;minmap.png;M6jLh8zpjWUILD1c0wo0n7WbJvAk9q4UcrQpuwJHZb8ac5DJBq5qjaf6qLhmsm6h
hoihoi8s Custom Hero Survival v2.08.w3x;hoihoi8s Custom Hero Survival v2.08;0;465170;Desconocido;X vs X;Aun no se le ha asignado una descripcion.;custom;minmap.png;LK1g5XsdTHpjQaP7i2Z%2FPOktyVdxUmeDoWVTbGGre7xawr1Dl73wD0jId%2BuTSEde
Lobo_Elementales.w3x;Lobo_Elementales;0;8094236;Desconocido;X vs X;Aun no se le ha asignado una descripcion.;custom;minmap.png;Fvl8wxKmr5zEpwB1VLlfcewNXHIPW%2Bgy4DnLJ40NkIg%3D
HumanosVSorcosv1.1.w3x;HumanosVSorcosv1.1;0;74064696;Desconocido;X vs X;Aun no se le ha asignado una descripcion.;custom;minmap.png;3BWnKtqiMyoFqgGsyap17rlwsu1L0fl3IfucGml54Y0%3D
X_Hero_Siege_3.45.w3x;X_Hero_Siege_3.45;0;386475;Desconocido;X vs X;Aun no se le ha asignado una descripcion.;custom;minmap.png;KfqDwM6b6eBhpNFKypFsID5QbmG%2BMwXUfMrMUQXwnbQ%3D
Zombocalypse Alpha.w3x;Zombocalypse Alpha;0;2469149;Desconocido;X vs X;Aun no se le ha asignado una descripcion.;custom;minmap.png;iyMMbN2TwSlYxmjgKcfBQwjWDetTyQTkzyuKphwpM1o%3D
Hora Loca 2.0.1.w3x;Hora Loca 2.0.1;0;436629;Desconocido;X vs X;Aun no se le ha asignado una descripcion.;custom;minmap.png;IdL0u3wcwvPhZpDjKIVpq0Wy9v8Ki5sstdnGOjNMVQE%3D
(8)HurricaneIsleV2.w3x;HurricaneIsleV2;8;8034292;Desconocido;X vs X;Aun no se le ha asignado una descripcion.;custom;minmap.png;4lZg6zhSxa6oJB6Nx6DegUWy9v8Ki5sstdnGOjNMVQE%3D
Mapa 3V3.w3x;Mapa 3V3;0;13368437;Desconocido;X vs X;Aun no se le ha asignado una descripcion.;custom;minmap.png;49goMubjyk2qfm3%2Fp7RhoA%3D%3D
OZSurvChaosV1.5d.w3x;OZSurvChaosV1.5d;0;72051453;Desconocido;X vs X;Aun no se le ha asignado una descripcion.;custom;minmap.png;qTFPw6erNNflm5P0qpiWd%2BwNXHIPW%2Bgy4DnLJ40NkIg%3D
(6)DragonFire.w3m;DragonFire;6;220033;Desconocido;X vs X;Aun no se le ha asignado una descripcion.;custom;minmap.png;FqTbK88A25nuXW0yb18w%2Fg%3D%3D
OZSurvChaosV1.5a.w3x;OZSurvChaosV1.5a;0;89325227;Desconocido;X vs X;Aun no se le ha asignado una descripcion.;custom;minmap.png;r%2BnZfM8GfL%2FU6PAGsTpVsuwNXHIPW%2Bgy4DnLJ40NkIg%3D
Naruto_World_S4_0_4j.w3x;Naruto_World_S4_0_4j;0;102091658;Desconocido;X vs X;Aun no se le ha asignado una descripcion.;custom;minmap.png;fHLl%2FcElCC4NpuI2khcecm4BUqZ28EUVwPNXrFEVug0%3D
(10)Escape Gay Space v1.8.w3x;Escape Gay Space v1.8;10;268668;Desconocido;X vs X;Aun no se le ha asignado una descripcion.;custom;minmap.png;kBNDv5Z2L3PCtvDVTK1dt2Z9mqumpx%2FrNxKOBYPv6DE%3D
(8)PlainsOfSnow.w3x;PlainsOfSnow;8;243559;Desconocido;X vs X;Aun no se le ha asignado una descripcion.;custom;minmap.png;hpnYk5%2FlUBwbArQELrHtq5R1yzWlfNHDR6mftbykD4E%3D
10_Hero_Seige_Canteen_Wars_v4.0.w3x;10_Hero_Seige_Canteen_Wars_v4.0;0;3398372;Desconocido;X vs X;Aun no se le ha asignado una descripcion.;custom;minmap.png;4w6ih0ICAiePEyPB12GxJyHJTbw%2BIM4Hdzj%2Fu6WSWelFsvb%2FCoubLLXZxjozTFUB
10 Hero Seige Canteen Wars v4.0.w3x;10 Hero Seige Canteen Wars v4.0;0;3398372;Desconocido;X vs X;Aun no se le ha asignado una descripcion.;custom;minmap.png;%2FM%2Bful92o%2F1DobDtk%2BUB%2B7YsdAe3TR84thqZ4RaCraBFsvb%2FCoubLLXZxjozTFUB
(4)ExcavationSite.w3x;ExcavationSite;4;255097;Desconocido;X vs X;Aun no se le ha asignado una descripcion.;custom;minmap.png;n8mAowJdTdJbuREh6TX80hpzkMkGrmqNp%2FqouGaybqE%3D
(4)IceForge.w3x;IceForge;4;132511;Desconocido;X vs X;Aun no se le ha asignado una descripcion.;custom;minmap.png;hqxoKRnP9ZGgw9iRSsMT8A%3D%3D
(2)IslaSaqueo_Prueba1.w3x;IslaSaqueo_Prueba1;2;1395021;Desconocido;X vs X;Aun no se le ha asignado una descripcion.;custom;minmap.png;1AkTLbF8h6MvfdK6DNPo0zjUsm8YxTFCYZn0Z0IR%2Bgw%3D
(4)CastleFightES1.22.w3x.w3x;CastleFightES1.22.w3x;4;803749;Desconocido;X vs X;Aun no se le ha asignado una descripcion.;custom;minmap.png;KDTk5a8odMP2bjn031%2BQQdMukAmT6y4hzf1UOmVqLcM%3D
La invasion zombie 2.0x.w3x;La invasion zombie 2.0x;0;418886;Desconocido;X vs X;Aun no se le ha asignado una descripcion.;custom;minmap.png;eESZHhWbACK0%2FZgHrVR9I6PNG0jNiPKKCv8d%2FCJbeDw%3D
(10)CastleFightES1.22.w3x;CastleFightES1.22;10;919388;Desconocido;X vs X;Aun no se le ha asignado una descripcion.;custom;minmap.png;KDTk5a8odMP2bjn031%2BQQcedtvhLLATncfNrJ4t5hUE%3D
CTF-SC2 2.5.w3x;CTF-SC2 2.5;0;23495031;Desconocido;X vs X;Aun no se le ha asignado una descripcion.;custom;minmap.png;Ya3gkef6AVN0AqN4APEeUg%3D%3D
(9)GardenOfWar Mod J.Y.V.T..w3x;GardenOfWar Mod J.Y.V.T.;9;3388498;Desconocido;X vs X;Aun no se le ha asignado una descripcion.;custom;minmap.png;yD8ZNl%2FFZFhaQpcDYRfuWFwSizrXIVZnOMjyIwLJ%2Bxw%3D
JvsB_v3.1_slk.w3x;JvsB_v3.1_slk;0;9625094;Desconocido;X vs X;Aun no se le ha asignado una descripcion.;custom;minmap.png;sh76VP6aaMLGLaNilSY0wYpi7D35pCe2y%2BdMchRDOx4%3D
Ataque de los Brazilians 2.1.w3x;Ataque de los Brazilians 2.1;0;5023063;Desconocido;X vs X;Aun no se le ha asignado una descripcion.;custom;minmap.png;snuib2Y4B8nhqBGosUrG6qVF3hja0cGBCNQdiocx2meUdcs1pXzRw0epn7W8pA%2BB
Pokemon Defense v10 Final.w3x;Pokemon Defense v10 Final;0;7398832;Desconocido;X vs X;Aun no se le ha asignado una descripcion.;custom;minmap.png;a7l254ekmvHDeiPoqj%2BRL03l2OzTBY2%2F0yj7Ai9c3Jo%3D
Descend v1.2.5.w3x;Descend v1.2.5;0;86054429;Desconocido;X vs X;Aun no se le ha asignado una descripcion.;custom;minmap.png;aZT7ayCodkA2%2FCDxP0LQ%2FhpzkMkGrmqNp%2FqouGaybqE%3D
11 razas-3.w3x;11 razas-3;0;23117006;Desconocido;X vs X;Aun no se le ha asignado una descripcion.;custom;minmap.png;NpIJvQ8ZXimho2BDE2MaOg%3D%3D
(4)TurtleRock.w3x;TurtleRock;4;146672;Desconocido;X vs X;Aun no se le ha asignado una descripcion.;custom;minmap.png;Dg8A97fq92A6tctahDH8Yg%3D%3D
(4)Warcraft 3 Alpha 1.1.w3x;Warcraft 3 Alpha 1.1;4;2644117;Desconocido;X vs X;Aun no se le ha asignado una descripcion.;custom;minmap.png;zl0VXkPujAasLXULXxnSqFxxi2UAMvNiIp3%2F4zApExc%3D
Sunflower_Island_v5.0.w3x;Sunflower_Island_v5.0;0;8981275;Desconocido;X vs X;Aun no se le ha asignado una descripcion.;custom;minmap.png;ZXaNp6OfQtx%2FWoisVJp0kUPZKrfIlhdARo9z%2Fk4Npbk%3D
BarrensTestIsland_v3.06.w3x;BarrensTestIsland_v3.06;0;11614115;Desconocido;X vs X;Aun no se le ha asignado una descripcion.;custom;minmap.png;NE3pNtKn0sMMw%2FzUvwErhki8jFNma0ftyWfDFJNMGv8%3D
Dotav6.72f.w3x;Dotav6.72f;0;7617424;Desconocido;X vs X;Aun no se le ha asignado una descripcion.;custom;minmap.png;0sAAwpcxCujDNzpEdLrFvA%3D%3D
(2)Concealed Hill 1.2   08.05.16.w3x;Concealed Hill 1.2   08.05.16;2;119804;Desconocido;X vs X;Aun no se le ha asignado una descripcion.;custom;minmap.png;jWvk9nln6cpOimnqVLG7VJrktz9ii2hx9xhAPXFgHTKKYuw9%2BaQntsvnTHIUQzse
Medieval zombie village 1.6a.w3x;Medieval zombie village 1.6a;0;28739725;Desconocido;X vs X;Aun no se le ha asignado una descripcion.;custom;minmap.png;XAZ6suUTLDXxyRiEsxi2jHyPayju4%2B9r1M0TSp2ynyiUdcs1pXzRw0epn7W8pA%2BB
Battlefield (Beta).w3x;Battlefield (Beta);0;55842176;Desconocido;X vs X;Aun no se le ha asignado una descripcion.;custom;minmap.png;F7WwfFahHQA9WLI%2BLxRdq04HIZQ8Q%2FJdoo5fEcoXLyI%3D
(8)Battleground.w3x;Battleground;8;9858326;Desconocido;X vs X;Aun no se le ha asignado una descripcion.;custom;minmap.png;s5KdpBVwUMlMmZJ9sktvQpR1yzWlfNHDR6mftbykD4E%3D
!LvsT AI v10.7.5!.w3x;!LvsT AI v10.7.5!;0;7410813;Desconocido;X vs X;Aun no se le ha asignado una descripcion.;custom;minmap.png;5FCvwl92hC%2BlO%2BXO%2B8Iyb480f3xHzH%2BbTjhj3wAKhEs%3D
LvsT AI v10.7.4! Original Version.w3x;LvsT AI v10.7.4! Original Version;0;7544833;Desconocido;X vs X;Aun no se le ha asignado una descripcion.;custom;minmap.png;mYEblXEJjd0RrdPDgh5RTyxTgKa0ALBbs3jypvAF56LRoXtWkZeXZ%2FNAmXSPdOwY
Zombocalypse 2.w3x;Zombocalypse 2;0;2531476;Desconocido;X vs X;Aun no se le ha asignado una descripcion.;custom;minmap.png;%2FdWsyH7haxAm3b%2FM9RVKQxpzkMkGrmqNp%2FqouGaybqE%3D
(6)Moonglade.w3x;Moonglade;6;153294;Desconocido;X vs X;Aun no se le ha asignado una descripcion.;custom;minmap.png;6vBDQpCZb6GjtUGI%2BvZk7A%3D%3D
(2)EchoIsles.w3x;EchoIsles;2;117385;Desconocido;X vs X;Aun no se le ha asignado una descripcion.;custom;minmap.png;eDVE6kWe9hgjZCPjcIzILg%3D%3D
gran guerra 2.4 (BETA).w3x;gran guerra 2.4 (BETA);0;35347963;Desconocido;X vs X;Aun no se le ha asignado una descripcion.;custom;minmap.png;jvupGsVYXMseIkks5TUW%2BJrO2H1NJ79JKRq5cWj%2FNW8%3D
Warchasers0106.w3x;Warchasers0106;0;61573873;Desconocido;X vs X;Aun no se le ha asignado una descripcion.;custom;minmap.png;EyTrjghZRY3SAjRVYRmdWBpzkMkGrmqNp%2FqouGaybqE%3D
WarchasersSkills070.w3x;WarchasersSkills070;0;3081069;Desconocido;X vs X;Aun no se le ha asignado una descripcion.;custom;minmap.png;8CsUHdTJlIyLzHLOjISEIhKaPtIS%2FTr%2F0nRWqJcsHfw%3D
IceCrownEx.w3x;IceCrownEx;0;336586;Desconocido;X vs X;Aun no se le ha asignado una descripcion.;custom;minmap.png;9u8UYWQCL30FGb3%2BC%2F1hYA%3D%3D
2023-_Among_Us.w3x;2023-_Among_Us;0;329829;Desconocido;X vs X;Aun no se le ha asignado una descripcion.;custom;minmap.png;7miMmkI%2FhRbpwcBF2lMiixpzkMkGrmqNp%2FqouGaybqE%3D
PAmongUther1-1.w3x;PAmongUther1-1;0;219509;Desconocido;X vs X;Aun no se le ha asignado una descripcion.;custom;minmap.png;%2FFBB0XfSItDNINwRIL4IKhpzkMkGrmqNp%2FqouGaybqE%3D
Kodo Tag Guerra de Cristal 1.2d.w3x;Kodo Tag Guerra de Cristal 1.2d;0;703527;Desconocido;X vs X;Aun no se le ha asignado una descripcion.;custom;minmap.png;l%2B7FNEnR4PtUcwRjmv584FrNgmkoOtdQLpI9rfUo3ipFsvb%2FCoubLLXZxjozTFUB
PAmongUther.w3x;PAmongUther;0;219500;Desconocido;X vs X;Aun no se le ha asignado una descripcion.;custom;minmap.png;1b2VwGxf%2BfwScZj5yRZPEg%3D%3D
Defense_the_city.w3x;Defense_the_city;0;631838;Desconocido;X vs X;Aun no se le ha asignado una descripcion.;custom;minmap.png;KsNEDqM2evl5NYGbqjYkIewNXHIPW%2Bgy4DnLJ40NkIg%3D
Pudge Wars 2.50.w3x;Pudge Wars 2.50;0;695279;Desconocido;X vs X;Aun no se le ha asignado una descripcion.;custom;minmap.png;G7lEHMDyuAbrCbzbLLyxjEWy9v8Ki5sstdnGOjNMVQE%3D
Warchasers Legends 4.0.w3x;Warchasers Legends 4.0;0;7858534;Desconocido;X vs X;Aun no se le ha asignado una descripcion.;custom;minmap.png;UgRxD1tEgApL55E4YWH8ktxw7eCebgDh7HGUDTuu5qs%3D
DRA .2.w3x;DRA .2;0;7271329;Desconocido;X vs X;Aun no se le ha asignado una descripcion.;custom;minmap.png;XANbG3dHfWA8ufAGyf5iDg%3D%3D
Digimon Arena v1.12.w3x;Digimon Arena v1.12;0;7747372;Desconocido;X vs X;Aun no se le ha asignado una descripcion.;custom;minmap.png;sAUL1C0EAm%2FeN9eUuIHpZjiaTYNi9smWXzjUKFmaxH0%3D
(8)MarketSquare.w3x;MarketSquare;8;185326;Desconocido;X vs X;Aun no se le ha asignado una descripcion.;custom;minmap.png;Jcr8vc5mPm9Wh8KWnMz335R1yzWlfNHDR6mftbykD4E%3D
6SilverpineForest.w3x;6SilverpineForest;0;257724;Desconocido;X vs X;Aun no se le ha asignado una descripcion.;custom;minmap.png;AxbVXIYyOj%2FDbAMqiDRNRVkpZb8ePaR25B0ks1f2HMQ%3D
(6)Everfrost2.w3x;Everfrost2;6;226240;Desconocido;X vs X;Aun no se le ha asignado una descripcion.;custom;minmap.png;tmqko2lh3X4gAYDA6zmiEw%3D%3D
(4)Goldshire.w3x;Goldshire;4;190856;Desconocido;X vs X;Aun no se le ha asignado una descripcion.;custom;minmap.png;t3J%2B8BkYxJcubtQt9vBvFg%3D%3D
BETA Custom Hero Survival BGA 10.0.w3x;BETA Custom Hero Survival BGA 10.0;0;6493746;Desconocido;X vs X;Aun no se le ha asignado una descripcion.;custom;minmap.png;DoKuV4G0rw2laDT1vn8k9LdM87tx%2BW0FqcRtyPqzdZrxKrtELo52YCowagRCsmNb
WARLORDSv2.7.3-Opt.w3x;WARLORDSv2.7.3-Opt;0;6752426;Desconocido;X vs X;Aun no se le ha asignado una descripcion.;custom;minmap.png;JyctSWGNNrtaOGatrbtymc%2BIM1BTYSgZU7Ykwkh4HT4%3D
Space Marine Invasion Final ES.w3x;Space Marine Invasion Final ES;0;2198384;Desconocido;X vs X;Aun no se le ha asignado una descripcion.;custom;minmap.png;UlcFXA8c4DT2qDQL%2F1CkQKlQEb5IOJtS35e0O5B5MlUac5DJBq5qjaf6qLhmsm6h
Art of Defense Palace v9.7.w3x;Art of Defense Palace v9.7;0;4072027;Desconocido;X vs X;Aun no se le ha asignado una descripcion.;custom;minmap.png;E9t94pMLMi4T0DOi0ZnYIdZlyrs%2FWB6eKWNVkPuQ4Gw%3D
(2024)Pandaria.w3x;Pandaria;2024;170580;Desconocido;X vs X;Aun no se le ha asignado una descripcion.;custom;minmap.png;tXDX2TYPnpVSqDWYlxjQBQ%3D%3D
SERAFINESvision.w3x;SERAFINESvision;0;31466017;Desconocido;X vs X;Aun no se le ha asignado una descripcion.;custom;minmap.png;F5pRe3D4BgbVXjAxYUF%2FZkWy9v8Ki5sstdnGOjNMVQE%3D
NightoftheDeadSpecialOps_v1.12k.w3x;NightoftheDeadSpecialOps_v1.12k;0;5895465;Desconocido;X vs X;Aun no se le ha asignado una descripcion.;custom;minmap.png;TkHwg6sK7BtrxtU1Q5pbVjkGKE%2BW3YETw272EivfxvlFsvb%2FCoubLLXZxjozTFUB
BnBv1.9a.w3x;BnBv1.9a;0;1349442;Desconocido;X vs X;Aun no se le ha asignado una descripcion.;custom;minmap.png;io8av6JOUiyAY8DzKlL0YA%3D%3D
Battlestadium DON 2.1a.w3x;Battlestadium DON 2.1a;0;40624009;Desconocido;X vs X;Aun no se le ha asignado una descripcion.;custom;minmap.png;lSCpgLIzCiV%2BF4HChVnsYsali5jConDP2mmKnssGZys%3D
Survival terminado.w3x;Survival terminado;0;12530790;Desconocido;X vs X;Aun no se le ha asignado una descripcion.;custom;minmap.png;Kloc2jgBTMZm5yhrI5q4HYZ5mXs84OI5vM%2BLFSqam2c%3D
OneNight™ Ver7.1.w3x;OneNight™ Ver7.1;0;23439966;Desconocido;X vs X;Aun no se le ha asignado una descripcion.;custom;minmap.png;AD3ThoyoJHiVwaaCwF6iqblwsu1L0fl3IfucGml54Y0%3D
VP_TEST51_V152.w3x;VP_TEST51_V152;0;13624773;Desconocido;X vs X;Aun no se le ha asignado una descripcion.;custom;minmap.png;lCqty2qldGvT3xLBKYDDQxpzkMkGrmqNp%2FqouGaybqE%3D
pattack130.w3x;pattack130;0;2660738;Desconocido;X vs X;Aun no se le ha asignado una descripcion.;custom;minmap.png;8mDolyw1%2BHvfJ9Pnujvw%2FQ%3D%3D
BattleOfCharactersV1.1.w3x;BattleOfCharactersV1.1;0;23891753;Desconocido;X vs X;Aun no se le ha asignado una descripcion.;custom;minmap.png;ffv8yJu6TB736MpalUL8Hspm2SDn9sSlt9V%2BbCLIlis%3D
Attack_of_the_BraziliansRework.w3x;Attack_of_the_BraziliansRework;0;3670096;Desconocido;X vs X;Aun no se le ha asignado una descripcion.;custom;minmap.png;ph0WaeEHkW2eg9%2B86Xuw83I0m3HVywjFRzDa6hBFftIac5DJBq5qjaf6qLhmsm6h
Star Wars Rampage v0.5.w3x;Star Wars Rampage v0.5;0;5889307;Desconocido;X vs X;Aun no se le ha asignado una descripcion.;custom;minmap.png;jdHM0xlGvpK8j8VbI8HJsJYw6JJk2MsBIoj%2FfzXdZ%2F8%3D
Angel Arena Allstars 1.69f~1.w3x;Angel Arena Allstars 1.69f~1;0;3169238;Desconocido;X vs X;Aun no se le ha asignado una descripcion.;custom;minmap.png;S2E3tLVHRjYixAKUmgP6ud12P2JH7TKJTDhCZi%2B5Q6WUdcs1pXzRw0epn7W8pA%2BB
GREEN TD 10.5 (1).w3x;GREEN TD 10.5 (1);0;250486;Desconocido;X vs X;Aun no se le ha asignado una descripcion.;custom;minmap.png;uquMNRYwIrcWhr%2FXiNrHEcMRvxSOr1%2FKJJW0cDGS9%2B0%3D
Stinky Fight v2024.1.w3x;Stinky Fight v2024.1;0;3975407;Desconocido;X vs X;Aun no se le ha asignado una descripcion.;custom;minmap.png;v6kgQZcPSiOXisc5EnrOzd%2FDsgzGtVeSbSGoq%2FcTNSE%3D
AY_LastWave_0.2e.w3x;AY_LastWave_0.2e;0;11688580;Desconocido;X vs X;Aun no se le ha asignado una descripcion.;custom;minmap.png;ye2RKFy9puibXi4mdIUqdewNXHIPW%2Bgy4DnLJ40NkIg%3D
TiraYAfloja1.1b_Opt.w3x;TiraYAfloja1.1b_Opt;0;2050612;Desconocido;X vs X;Aun no se le ha asignado una descripcion.;custom;minmap.png;mzaX8j8%2B3ixFpCvLVvkkoe6GDMG1tGLv1d5Pcx%2F%2BH34%3D
mapa_oficial_prueba_enemigo.w3x;mapa_oficial_prueba_enemigo;0;97113;Desconocido;X vs X;Aun no se le ha asignado una descripcion.;custom;minmap.png;QcfSTdIBRLzO3nkRFQ72UjCkvkchFP0Cy11vJGfYvzo%3D
Missile War v0.67[p].w3x;Missile War v0.67[p];0;258266;Desconocido;X vs X;Aun no se le ha asignado una descripcion.;custom;minmap.png;lIi3MDhA2iQIhrqvOUUmOiKzFN50ATsR8q%2B83tN51MY%3D
LGM_Prueba.w3x;LGM_Prueba;0;204073;Desconocido;X vs X;Aun no se le ha asignado una descripcion.;custom;minmap.png;bT0aojjki3tHNKTwbd2H%2Bg%3D%3D
Green Circle TD Mega 10.5 (1).w3x;Green Circle TD Mega 10.5 (1);0;3704861;Desconocido;X vs X;Aun no se le ha asignado una descripcion.;custom;minmap.png;%2FGq%2BF3l3uDoOwpDaOt0Hjh7cjRWgdFQX0hXKwPd9ACmKYuw9%2BaQntsvnTHIUQzse
(12)DivideAndConquer.w3m;DivideAndConquer;12;349282;Desconocido;X vs X;Aun no se le ha asignado una descripcion.;custom;minmap.png;AVFrlaZ5c9ozqct2mbYZg4b6Q8eN71CpS9lWz2GTM%2B8%3D
(10)DivideAndConquerV8.0Beta2.w3x;DivideAndConquerV8.0Beta2;10;62625218;Desconocido;X vs X;Aun no se le ha asignado una descripcion.;custom;minmap.png;AVFrlaZ5c9ozqct2mbYZg5VpcGRqXhJs7IyxrHPINlk%3D
(8)Friends.w3x;Friends;8;236726;Desconocido;X vs X;Aun no se le ha asignado una descripcion.;custom;minmap.png;HAQFSiQmH60RUgWRS7wWAA%3D%3D
Gladiator Survival 1.73b.w3x;Gladiator Survival 1.73b;0;814218;Desconocido;X vs X;Aun no se le ha asignado una descripcion.;custom;minmap.png;g23uHV98lWi9ltp%2Fw6RMbrnbTsf9bpV2TJ%2BsNbCqSKY%3D
Dragon Nest TD v1.72.w3x;Dragon Nest TD v1.72;0;2320794;Desconocido;X vs X;Aun no se le ha asignado una descripcion.;custom;minmap.png;KKT%2F5njVmp0%2FhMDkFTHAlu06kz40ztNou%2Bq8sprpX84%3D
Una_Trivia_Pendeja.w3x;Una_Trivia_Pendeja;0;476202;Desconocido;X vs X;Aun no se le ha asignado una descripcion.;custom;minmap.png;YGS60Jp0j3JQWRrlJDDtouWH4BXYHKmqHRt0%2BYFxW0s%3D
Darwin's Island v3.0.w3x;Darwin's Island v3.0;0;551893;Desconocido;X vs X;Aun no se le ha asignado una descripcion.;custom;minmap.png;1qRviloxrLN4CVmmkPAK8aVo%2F92UFVevzbkjEp%2FDfk0%3D
The Weakest Link v1.02 (p).w3x;The Weakest Link v1.02 (p);0;1013403;Desconocido;X vs X;Aun no se le ha asignado una descripcion.;custom;minmap.png;fHvZcE5qLCDSpVVXGLUu%2FBndzK3XbnieIz1PWQrh3wk%3D
AloweyOldStars_Beta.w3x;AloweyOldStars_Beta;0;3402664;Desconocido;X vs X;Aun no se le ha asignado una descripcion.;custom;minmap.png;OUsTQGOZrNw6xk9Rh9iwGWuM6e16%2FDZ1jnru8N5T9Vc%3D
paganos.w3x;paganos;0;29746752;Desconocido;X vs X;Aun no se le ha asignado una descripcion.;custom;minmap.png;Oeobh1hnFsFhSzTkLR%2FdaA%3D%3D
El Santuario de los Enigmas Paganos.w3x;El Santuario de los Enigmas Paganos;0;29746752;Desconocido;X vs X;Aun no se le ha asignado una descripcion.;custom;minmap.png;Q8g5DK3pBY2QCp91zDFGLgYXK3gzM0W9aiGP4UsoAxoVyHAyyKurCicD%2BtiRAhuT
Mapa Brian.w3x;Mapa Brian;0;29746991;Desconocido;X vs X;Aun no se le ha asignado una descripcion.;custom;minmap.png;tcPOQ9QW7d8EM2sz6m%2BzfA%3D%3D
Opt-PWACHSv172-Oficial.w3x;Opt-PWACHSv172-Oficial;0;16653973;Desconocido;X vs X;Aun no se le ha asignado una descripcion.;custom;minmap.png;mU4OwshD%2BspuZ4B1JH1FVauyZ0%2Bnwfh0aYkG3xhAHlQ%3D
Legend Of The Dragon Final.w3x;Legend Of The Dragon Final;0;10709598;Desconocido;X vs X;Aun no se le ha asignado una descripcion.;custom;minmap.png;j8bXmdK2NugYkAv2Q2mY0vBYZo0U%2Bb3D9HBvDgGxO4w%3D
After Years - Last Wave 0.2d test 2.w3x;After Years - Last Wave 0.2d test 2;0;11329211;Desconocido;X vs X;Aun no se le ha asignado una descripcion.;custom;minmap.png;2FMa64UiOx5ZNEKwnE4qMoTjUaGXHUvX4JL%2BDwmhVUSRTS7qmfe%2FjTCCko6ST%2BHC
Heroes Wars 8 AI.w3x;Heroes Wars 8 AI;0;4328312;Desconocido;X vs X;Aun no se le ha asignado una descripcion.;custom;minmap.png;DM7PgaEqLX4QIWcdeoQ%2FCOwNXHIPW%2Bgy4DnLJ40NkIg%3D
Abismo de las Sombras Perdidas.w3x;Abismo de las Sombras Perdidas;0;29059311;Desconocido;X vs X;Aun no se le ha asignado una descripcion.;custom;minmap.png;5P%2FIqXCIshO8ZBWnUM7BN69LaqzYPi%2F1ck64bYLI7eoac5DJBq5qjaf6qLhmsm6h
12Cherryville.w3x;12Cherryville;0;423679;Desconocido;X vs X;Aun no se le ha asignado una descripcion.;custom;minmap.png;5Um7AVpWxWmJoE8kqefg8opi7D35pCe2y%2BdMchRDOx4%3D
UtherParty2v0.4d.w3x;UtherParty2v0.4d;0;210872;Desconocido;X vs X;Aun no se le ha asignado una descripcion.;custom;minmap.png;yH36QAewTXP5mFptWoqw5%2BwNXHIPW%2Bgy4DnLJ40NkIg%3D
Heroes of Broken World 2.w3x;Heroes of Broken World 2;0;13056515;Desconocido;X vs X;Aun no se le ha asignado una descripcion.;custom;minmap.png;YM%2F0FxmAv%2B64A5a7UbFj8dGRkq3%2BaTVbc3zXs9ZiuNM%3D
(8)ShamrockReef.w3x;ShamrockReef;8;258806;Desconocido;X vs X;Aun no se le ha asignado una descripcion.;custom;minmap.png;pM77IcmMqhekQ%2BM4I6reoZR1yzWlfNHDR6mftbykD4E%3D
(12)RagnaroK-387.w3x;RagnaroK-387;12;615090;Desconocido;X vs X;Aun no se le ha asignado una descripcion.;custom;minmap.png;%2BCs4BQOoQQzh321YuiYmwZR1yzWlfNHDR6mftbykD4E%3D
(4)Venetia.w3x;Venetia;4;83271;Desconocido;X vs X;Aun no se le ha asignado una descripcion.;custom;minmap.png;70DijRtCOZp%2BUlU9djtZMw%3D%3D
HombresVsMaquina_V0.05.w3x;HombresVsMaquina_V0.05;0;2981581;Desconocido;X vs X;Aun no se le ha asignado una descripcion.;custom;minmap.png;5OW5fgo0%2F2SilaJ9X0KUppGy%2FhdGtuFA5f8A9ayVoKo%3D
DEF FOUNTAIN PROT 0-65c.w3x;DEF FOUNTAIN PROT 0-65c;0;10867239;Desconocido;X vs X;Aun no se le ha asignado una descripcion.;custom;minmap.png;JkIpACL6IDnVKJ%2BHTCBB56EDfFuCCDERhPyfJ8PQ0tE%3D
La Fosa de las Pesadillas.w3x;La Fosa de las Pesadillas;0;24375972;Desconocido;X vs X;Aun no se le ha asignado una descripcion.;custom;minmap.png;qOnZ0i%2FuVD2USMzwWbm1EwnltrmRKJGeINOJBZsyhes%3D
Elemental_Tag_V_0.6.w3x;Elemental_Tag_V_0.6;0;394849;Desconocido;X vs X;Aun no se le ha asignado una descripcion.;custom;minmap.png;snIJyBHa6yeFIvwIwV2s3mIO325sJXDCRZNdbA744j0%3D
MansVsMachinev0.04.w3x;MansVsMachinev0.04;0;2851817;Desconocido;X vs X;Aun no se le ha asignado una descripcion.;custom;minmap.png;OvyYrEgFFODesrffjSnY6j24Xez6%2FXQo7sweMMOTubQ%3D
TheCastle.w3x;TheCastle;0;44258378;Desconocido;X vs X;Aun no se le ha asignado una descripcion.;custom;minmap.png;PQGqB4B719bolOIPoUyESA%3D%3D
The Secret Vaults of Ages.w3x;The Secret Vaults of Ages;0;24370000;Desconocido;X vs X;Aun no se le ha asignado una descripcion.;custom;minmap.png;%2BKTHyG2UQRDyLn%2FY1JBIK82gdx59mt01K9HtRnn%2FQLA%3D
El Guante de la Malicia Indomable.w3x;El Guante de la Malicia Indomable;0;11267345;Desconocido;X vs X;Aun no se le ha asignado una descripcion.;custom;minmap.png;BlTWfDSAoW2k7RjgZwDmhhpitAWVAU%2BnMc7TEPPKFFQDbWCRhxFB1OsKwgrMjbdT
San Valentin.w3x;San Valentin;0;46101;Desconocido;X vs X;Aun no se le ha asignado una descripcion.;custom;minmap.png;CzoXF7ro9Y0gnNM95z4qEZR1yzWlfNHDR6mftbykD4E%3D
Pulpines Wars DV.w3x;Pulpines Wars DV;0;41298873;Desconocido;X vs X;Aun no se le ha asignado una descripcion.;custom;minmap.png;lox8K3jODhi8TvaDSwRDlewNXHIPW%2Bgy4DnLJ40NkIg%3D
FFA24_T01.w3x;FFA24_T01;0;3772865;Desconocido;X vs X;Aun no se le ha asignado una descripcion.;custom;minmap.png;I%2Fzjp6Jxk1AzgbBScXnitQ%3D%3D
CitadelDefenseBeta12Clasico.w3x;CitadelDefenseBeta12Clasico;0;5676512;Desconocido;X vs X;Aun no se le ha asignado una descripcion.;custom;minmap.png;iJtfJckYxKEIpA%2BuKdLhViRURDcVLxYzedXPhkaTL5Y%3D
Wargod Legends v1.7b .w3x;Wargod Legends v1.7b;0;1841751;Desconocido;X vs X;Aun no se le ha asignado una descripcion.;custom;minmap.png;6e%2Fu7UpwG52VaA1rCNX6NB6wN8iIFzlESlMRpMADLzk%3D
(6)Everfrost alpha IA.w3x;Everfrost alpha IA;6;733771;Desconocido;X vs X;Aun no se le ha asignado una descripcion.;custom;minmap.png;tGv%2B42LycmjCRs6avjrabFd37KKauKPOajTCuHji2wY%3D
Asalto_Final_beta4.5Solucionado.w3x;Asalto_Final_beta4.5Solucionado;0;324923;Desconocido;X vs X;Aun no se le ha asignado una descripcion.;custom;minmap.png;09upXsZzuLIP%2FYQWEEdXklTJhhQtMYDFxHtifGlz7LJFsvb%2FCoubLLXZxjozTFUB
DotA_v6.77b_AI_1.1.7_Fun_2.7c.w3x;DotA_v6.77b_AI_1.1.7_Fun_2.7c;0;7849997;Desconocido;X vs X;Aun no se le ha asignado una descripcion.;custom;minmap.png;7feNjXUiOU5UMJwKpsJafhKxLDeT396T4FVjT8RoDSyKYuw9%2BaQntsvnTHIUQzse
Portal_Invasion_v1.4a_host.w3x;Portal_Invasion_v1.4a_host;0;2764691;Desconocido;X vs X;Aun no se le ha asignado una descripcion.;custom;minmap.png;Q3HLA6ucb83t1cZT1ipc4jcJHRjDDcGNGHq3kWiyp6s%3D
Totems_del_Chaos_4.0c.w3x;Totems_del_Chaos_4.0c;0;572215;Desconocido;X vs X;Aun no se le ha asignado una descripcion.;custom;minmap.png;jvGt0IYm3La6dzIZUjiWB2UxSPT0I38rxOHbmQxkONs%3D
Defiende_el_arbolito_0.17.w3x;Defiende_el_arbolito_0.17;0;4779462;Desconocido;X vs X;Aun no se le ha asignado una descripcion.;custom;minmap.png;buPVjNcaDAkH18i6DjpNj1d2ppWZ%2FKrG0Unr1RtzRYE%3D
StarWars apocalipsi v3.4.w3x;StarWars apocalipsi v3.4;0;8180306;Desconocido;X vs X;Aun no se le ha asignado una descripcion.;custom;minmap.png;I%2B0q10zUGSJqev52Mv%2BScKn5Btsr59xERHLS%2F4p6s%2Fc%3D
Custom_Hero_Survival_5.1.w3x;Custom_Hero_Survival_5.1;0;929309;Desconocido;X vs X;Aun no se le ha asignado una descripcion.;custom;minmap.png;JnqSElEn72SiFMLQxYD%2BLTz0jpaEcR4nIyf%2FHmvwlm0%3D
CustomHeroSurvivalAeonux.w3x;CustomHeroSurvivalAeonux;0;5152642;Desconocido;X vs X;Aun no se le ha asignado una descripcion.;custom;minmap.png;x77BgfXo1PYxhwai%2BzHixZyVUXQ75Kqfu2ZVKg1LIXM%3D
CHS_2020_v2.6c.w3x;CHS_2020_v2.6c;0;1713191;Desconocido;X vs X;Aun no se le ha asignado una descripcion.;custom;minmap.png;lnmm8N5MosFZcOWenBPnsxpzkMkGrmqNp%2FqouGaybqE%3D
Canned_Bread109_Eng.w3x;Canned_Bread109_Eng;0;8028051;Desconocido;X vs X;Aun no se le ha asignado una descripcion.;custom;minmap.png;OlTjjIU6%2FjUZ7L3GSSDvFT2Z47JsaLVx3NLjGh2D3uI%3D
InmortalesTEST01.w3x;InmortalesTEST01;0;4912997;Desconocido;X vs X;Aun no se le ha asignado una descripcion.;custom;minmap.png;TfF%2B2RnLZzAH%2Fu1co7E0s%2BwNXHIPW%2Bgy4DnLJ40NkIg%3D
Defend Your Castle v1.0.w3x;Defend Your Castle v1.0;0;73234;Desconocido;X vs X;Aun no se le ha asignado una descripcion.;custom;minmap.png;Arh8y61j93xekhoZsP1fUY55dEdLHOjjmlTaU%2BQHsGw%3D
Faseonline 1.w3x;Faseonline 1;0;6763097;Desconocido;X vs X;Aun no se le ha asignado una descripcion.;custom;minmap.png;C7RHvh06Y2OakUs%2FWNJlwZR1yzWlfNHDR6mftbykD4E%3D
Killing_Children_R._v3.2_AI.w3x;Killing_Children_R._v3.2_AI;0;2263123;Desconocido;X vs X;Aun no se le ha asignado una descripcion.;custom;minmap.png;QC6gxGLnAEOCbTrgJvjHphUFfre51NkKJHJwhDway4w%3D
Leguends of elements,1.6.w3x;Leguends of elements,1.6;0;24243156;Desconocido;X vs X;Aun no se le ha asignado una descripcion.;custom;minmap.png;QiC%2BtcRitkNnHXATv1dnElWGo0CLdyErNIGztLh6dls%3D
mapa_mio.w3x;mapa_mio;0;2040348;Desconocido;X vs X;Aun no se le ha asignado una descripcion.;custom;minmap.png;1K72RiS2C4eSjadvjtIYfQ%3D%3D
Matias 7.0.w3x;Matias 7.0;0;3612685;Desconocido;X vs X;Aun no se le ha asignado una descripcion.;custom;minmap.png;PCJ733O2hw4dgqo8mWHYGg%3D%3D
Mapa_de_XshaiA.w3x;Mapa_de_XshaiA;0;2034971;Desconocido;X vs X;Aun no se le ha asignado una descripcion.;custom;minmap.png;gRPi%2Fy7ThLt%2BU%2F01DxikZRpzkMkGrmqNp%2FqouGaybqE%3D
T01VP_V150.w3x;T01VP_V150;0;13317700;Desconocido;X vs X;Aun no se le ha asignado una descripcion.;custom;minmap.png;Y657zuDYqSn3cB5T5WJ%2F9g%3D%3D
Lorencia Battle 2.3.w3x;Lorencia Battle 2.3;0;7190131;Desconocido;X vs X;Aun no se le ha asignado una descripcion.;custom;minmap.png;RepdGWeVve7pn8XWVlfrsCxTAD7x7MwHZ81KoooELGE%3D
Un Mapa Estupido 4.1.w3x;Un Mapa Estupido 4.1;0;706668;Desconocido;X vs X;Aun no se le ha asignado una descripcion.;custom;minmap.png;4CicolfBaF6P7Pv7dc%2FFlDnKXoG9BBJQ7GjICESl8pA%3D
Sombra y Sangre [Multiplayer Beta].w3x;Sombra y Sangre [Multiplayer Beta];0;4340090;Desconocido;X vs X;Aun no se le ha asignado una descripcion.;custom;minmap.png;i07jzRhtRtRshtHUEfHmy%2FjR%2BDw3sV4H%2Fbn7Y5e%2FMWNOWVG4WsHH1lTMmXrVWhY4
FOTN ver.a27 - opt.w3x;FOTN ver.a27 - opt;0;11124296;Desconocido;X vs X;Aun no se le ha asignado una descripcion.;custom;minmap.png;O89TKOgUH%2BaAM1bkfyrjL8%2BIM1BTYSgZU7Ykwkh4HT4%3D
Legion TD Mega x10 v.4f HD.w3x;Legion TD Mega x10 v.4f HD;0;1364556;Desconocido;X vs X;Aun no se le ha asignado una descripcion.;custom;minmap.png;HcwS5o2XjTE%2FvhWums%2FmEefMPUk84XseDAgI%2Fz7jYgY%3D
Legion TD x8 v9.9.w3x;Legion TD x8 v9.9;0;1498805;Desconocido;X vs X;Aun no se le ha asignado una descripcion.;custom;minmap.png;2PijNwV8tbAyskT8rh2ypyN6Wd6mviZSJVHBmci1Neg%3D
One Destiny Vr2.3a.w3x;One Destiny Vr2.3a;0;7131240;Desconocido;X vs X;Aun no se le ha asignado una descripcion.;custom;minmap.png;%2BQ6JSvV7sOdpt7Kxl6xZEyi4Nq34AqVKQSH%2BjRh90Wk%3D
Tet1 MemoryAPIa Keys.w3x;Tet1 MemoryAPIa Keys;0;115969;Desconocido;X vs X;Aun no se le ha asignado una descripcion.;custom;minmap.png;jbNl6b5L5ILrXSlRGRxBAMnXqehkkAQs91WCrqoS3dQ%3D
TD Dark Citadel v1.7xEN.w3x;TD Dark Citadel v1.7xEN;0;33555363;Desconocido;X vs X;Aun no se le ha asignado una descripcion.;custom;minmap.png;41VRYRIZ4qsT%2FjpzAsO5OY77VUROq23V%2Fa8aFgFe9h8%3D
TD DC 1.7.w3x;TD DC 1.7;0;33555331;Desconocido;X vs X;Aun no se le ha asignado una descripcion.;custom;minmap.png;MASLeN22hCa0XzWxYaf7EQ%3D%3D
WarCho.w3x;WarCho;0;52389689;Desconocido;X vs X;Aun no se le ha asignado una descripcion.;custom;minmap.png;ijkYM%2F8Bxw2LJlpLNXSQLA%3D%3D
(4)Cazadores de Guerra Definitivo6.3.w3x;Cazadores de Guerra Definitivo6.3;4;52389689;Desconocido;X vs X;Aun no se le ha asignado una descripcion.;custom;minmap.png;QsVS3sUAOnM53SbX8HVPkpdbNAAz6Qd9J827hyCI6mMpzl0dKSNI%2FzhbT2pXhidr
CiudadelaDemo1d.w3x;CiudadelaDemo1d;0;2081523;Desconocido;X vs X;Aun no se le ha asignado una descripcion.;custom;minmap.png;JqyJCer3MvlXEsBp8r59REWy9v8Ki5sstdnGOjNMVQE%3D
Survival_Multiplayer2.1.7Beta.w3x;Survival_Multiplayer2.1.7Beta;0;13331424;Desconocido;X vs X;Aun no se le ha asignado una descripcion.;custom;minmap.png;XnC3RDAjdEgWsN%2BI%2BW3kVy54HkoUjzX5eidSXDw2v%2BqKYuw9%2BaQntsvnTHIUQzse
CiudadelaBeta1.w3x;CiudadelaBeta1;0;1703193;Desconocido;X vs X;Aun no se le ha asignado una descripcion.;custom;minmap.png;VPLra7s10IgzmJYFgqzZJBpzkMkGrmqNp%2FqouGaybqE%3D
Hardcore Ninja v1.01.w3x;Hardcore Ninja v1.01;0;9915307;Desconocido;X vs X;Aun no se le ha asignado una descripcion.;custom;minmap.png;IxLvJ99kHwDmthNEyrPi7RFBMPczo4Q1sPHHgt2%2FR%2Fg%3D
Spellcraft0.62cBeta.w3x;Spellcraft0.62cBeta;0;383264;Desconocido;X vs X;Aun no se le ha asignado una descripcion.;custom;minmap.png;kzqjq78Jd95BI7IHbDYPoGuM6e16%2FDZ1jnru8N5T9Vc%3D
Guardia de Carihil.w3x;Guardia de Carihil;0;7883047;Desconocido;X vs X;Aun no se le ha asignado una descripcion.;custom;minmap.png;KjXOEjtKxn9BdvwKwvZ2cJH7VfzMmYiOfwLcvmxYDBM%3D
La guardia de Carihil By El_Alex_WC3.w3x;La guardia de Carihil By El_Alex_WC3;0;7883047;Desconocido;X vs X;Aun no se le ha asignado una descripcion.;custom;minmap.png;dSvxrmWE27AGhjcy9saebtJQrFbzNbwnqLbiuOiq4B5WywD69WJmBTLGO30NFuea
(8)Sanctuary.w3x;Sanctuary;8;207813;Desconocido;X vs X;Aun no se le ha asignado una descripcion.;custom;minmap.png;ttuH2qg8C9ovRg0BRhDytQ%3D%3D
(4)GroundOfGlory.w3x;GroundOfGlory;4;257628;Desconocido;X vs X;Aun no se le ha asignado una descripcion.;custom;minmap.png;Ok2a2wPjrGkImbcSveX394pi7D35pCe2y%2BdMchRDOx4%3D
FOCS3 Another 9.6B03.w3x;FOCS3 Another 9.6B03;0;16181693;Desconocido;X vs X;Aun no se le ha asignado una descripcion.;custom;minmap.png;rf9dxKpYvl%2FV0Yo0H1IACMkT%2Fm%2BuCKAN2vsRmjoHKks%3D
